"","Project","Proj.CMMI","Phase","No..of.Test.Case.Executed","Planned.Duration.in.weeks","Development.Team.Size..For.Release","Testing.Team.Size..For.Release","Component","Application.Version","Complexity","Severity","Root.Cause.Category_NG","year","week_number","defect_agg","combine","wk","dummyProject_CONSOLIDATED.DEFECTS.DUMP.Q2","dummyProject_TAM.RELEASE.5","dummyPhase_2.ANALYSIS","dummyPhase_3.DESIGN","dummyPhase_4.2.INTEGRATION.TEST","dummyPhase_5.2.FUNCTIONAL","dummyPhase_5.3.E2E","dummyPhase_5.4.REGRESSION","dummyPhase_5.5.UAT","dummyPhase_6.POST.DEPLOYMENT","dummySeverity_2.HIGH","dummySeverity_3.MEDIUM","dummySeverity_1.CRITICAL","dummySeverity_4.LOW","dummyComponent_CONTRACT.PRINT...6560","dummyComponent_ID.COMP.WEB.PORTAL...7091","dummyComponent_EOPS...2597","dummyComponent_TAM...WEB.APP...7981","dummyRoot.Cause.Category_NON.CLASSIFIED","dummyRoot.Cause.Category_TESTING","dummyRoot.Cause.Category_REQUIREMENTS","dummyRoot.Cause.Category_USER.DOCUMENTATION","dummyRoot.Cause.Category_CODING","dummyRoot.Cause.Category_ENVIRONMENT","dummyRoot.Cause.Category_DATA","dummyRoot.Cause.Category_DESIGN","log_TestCases","log_plannedDuration","log_DevTeam","log_testTeam","log_complexity","dummyComponent_UCS...DENTAL.CLAIMS...1156","dummyProject_COMPENSATION_TRIALONE","dummyProject_LOCALMARKET","dummyComponent_CAS...2936","pred","MAPE"
"1","CONSOLIDATED DEFECTS DUMP Q2",3,"2-ANALYSIS",860,12,9,4,"CONTRACT PRINT - 6560",1,52.28571429,"2-HIGH","NON-CLASSIFIED","14","23",1,"CONSOLIDATED DEFECTS DUMP Q2_3_2-ANALYSIS_860_12_9_4_CONTRACT PRINT - 6560_EXISTING_52.28571429_2-HIGH_NON-CLASSIFIED",1,1,0,1,0,0,0,0,0,0,0,1,0,0,0,1,0,0,0,1,0,0,0,0,0,0,0,6.75693238924755,2.484906649788,2.19722457733622,1.38629436111989,3.95672318442802,0,0,0,0,1,0
"2","CONSOLIDATED DEFECTS DUMP Q2",3,"2-ANALYSIS",860,12,9,4,"CONTRACT PRINT - 6560",1,52.28571429,"2-HIGH","TESTING","14","18",1,"CONSOLIDATED DEFECTS DUMP Q2_3_2-ANALYSIS_860_12_9_4_CONTRACT PRINT - 6560_EXISTING_52.28571429_2-HIGH_TESTING",1,1,0,1,0,0,0,0,0,0,0,1,0,0,0,1,0,0,0,0,1,0,0,0,0,0,0,6.75693238924755,2.484906649788,2.19722457733622,1.38629436111989,3.95672318442802,0,0,0,0,1,0
"3","CONSOLIDATED DEFECTS DUMP Q2",3,"2-ANALYSIS",860,12,9,4,"CONTRACT PRINT - 6560",1,52.28571429,"2-HIGH","TESTING","14","20",2,"CONSOLIDATED DEFECTS DUMP Q2_3_2-ANALYSIS_860_12_9_4_CONTRACT PRINT - 6560_EXISTING_52.28571429_2-HIGH_TESTING",2,1,0,1,0,0,0,0,0,0,0,1,0,0,0,1,0,0,0,0,1,0,0,0,0,0,0,6.75693238924755,2.484906649788,2.19722457733622,1.38629436111989,3.95672318442802,0,0,0,0,1,0.5
"4","CONSOLIDATED DEFECTS DUMP Q2",3,"2-ANALYSIS",860,12,9,4,"CONTRACT PRINT - 6560",1,52.28571429,"3-MEDIUM","NON-CLASSIFIED","14","15",1,"CONSOLIDATED DEFECTS DUMP Q2_3_2-ANALYSIS_860_12_9_4_CONTRACT PRINT - 6560_EXISTING_52.28571429_3-MEDIUM_NON-CLASSIFIED",1,1,0,1,0,0,0,0,0,0,0,0,1,0,0,1,0,0,0,1,0,0,0,0,0,0,0,6.75693238924755,2.484906649788,2.19722457733622,1.38629436111989,3.95672318442802,0,0,0,0,1,0
"5","CONSOLIDATED DEFECTS DUMP Q2",3,"2-ANALYSIS",950,12,9,4,"ID COMP WEB PORTAL - 7091",1,52.28571429,"2-HIGH","NON-CLASSIFIED","14","14",5,"CONSOLIDATED DEFECTS DUMP Q2_3_2-ANALYSIS_950_12_9_4_ID COMP WEB PORTAL - 7091_EXISTING_52.28571429_2-HIGH_NON-CLASSIFIED",1,1,0,1,0,0,0,0,0,0,0,1,0,0,0,0,1,0,0,1,0,0,0,0,0,0,0,6.85646198459459,2.484906649788,2.19722457733622,1.38629436111989,3.95672318442802,0,0,0,0,1,0.8
"6","CONSOLIDATED DEFECTS DUMP Q2",3,"2-ANALYSIS",950,12,9,4,"ID COMP WEB PORTAL - 7091",1,52.28571429,"2-HIGH","NON-CLASSIFIED","14","16",1,"CONSOLIDATED DEFECTS DUMP Q2_3_2-ANALYSIS_950_12_9_4_ID COMP WEB PORTAL - 7091_EXISTING_52.28571429_2-HIGH_NON-CLASSIFIED",2,1,0,1,0,0,0,0,0,0,0,1,0,0,0,0,1,0,0,1,0,0,0,0,0,0,0,6.85646198459459,2.484906649788,2.19722457733622,1.38629436111989,3.95672318442802,0,0,0,0,1,0
"7","CONSOLIDATED DEFECTS DUMP Q2",3,"2-ANALYSIS",950,12,9,4,"ID COMP WEB PORTAL - 7091",1,52.28571429,"2-HIGH","REQUIREMENTS","14","14",1,"CONSOLIDATED DEFECTS DUMP Q2_3_2-ANALYSIS_950_12_9_4_ID COMP WEB PORTAL - 7091_EXISTING_52.28571429_2-HIGH_REQUIREMENTS",1,1,0,1,0,0,0,0,0,0,0,1,0,0,0,0,1,0,0,0,0,1,0,0,0,0,0,6.85646198459459,2.484906649788,2.19722457733622,1.38629436111989,3.95672318442802,0,0,0,0,1,0
"8","CONSOLIDATED DEFECTS DUMP Q2",3,"2-ANALYSIS",980,12,9,4,"EOPS - 2597",1,52.28571429,"1-CRITICAL","NON-CLASSIFIED","14","18",1,"CONSOLIDATED DEFECTS DUMP Q2_3_2-ANALYSIS_980_12_9_4_EOPS - 2597_EXISTING_52.28571429_1-CRITICAL_NON-CLASSIFIED",1,1,0,1,0,0,0,0,0,0,0,0,0,1,0,0,0,1,0,1,0,0,0,0,0,0,0,6.88755257166462,2.484906649788,2.19722457733622,1.38629436111989,3.95672318442802,0,0,0,0,1,0
"9","CONSOLIDATED DEFECTS DUMP Q2",3,"2-ANALYSIS",980,12,9,4,"EOPS - 2597",1,52.28571429,"3-MEDIUM","REQUIREMENTS","14","18",2,"CONSOLIDATED DEFECTS DUMP Q2_3_2-ANALYSIS_980_12_9_4_EOPS - 2597_EXISTING_52.28571429_3-MEDIUM_REQUIREMENTS",1,1,0,1,0,0,0,0,0,0,0,0,1,0,0,0,0,1,0,0,0,1,0,0,0,0,0,6.88755257166462,2.484906649788,2.19722457733622,1.38629436111989,3.95672318442802,0,0,0,0,1,0.5
"10","CONSOLIDATED DEFECTS DUMP Q2",3,"2-ANALYSIS",980,12,9,4,"EOPS - 2597",1,52.28571429,"3-MEDIUM","TESTING","14","20",1,"CONSOLIDATED DEFECTS DUMP Q2_3_2-ANALYSIS_980_12_9_4_EOPS - 2597_EXISTING_52.28571429_3-MEDIUM_TESTING",1,1,0,1,0,0,0,0,0,0,0,0,1,0,0,0,0,1,0,0,1,0,0,0,0,0,0,6.88755257166462,2.484906649788,2.19722457733622,1.38629436111989,3.95672318442802,0,0,0,0,1,0
"11","CONSOLIDATED DEFECTS DUMP Q2",3,"2-ANALYSIS",980,12,9,4,"EOPS - 2597",1,52.28571429,"3-MEDIUM","USER DOCUMENTATION","14","18",2,"CONSOLIDATED DEFECTS DUMP Q2_3_2-ANALYSIS_980_12_9_4_EOPS - 2597_EXISTING_52.28571429_3-MEDIUM_USER DOCUMENTATION",1,1,0,1,0,0,0,0,0,0,0,0,1,0,0,0,0,1,0,0,0,0,1,0,0,0,0,6.88755257166462,2.484906649788,2.19722457733622,1.38629436111989,3.95672318442802,0,0,0,0,1,0.5
"12","CONSOLIDATED DEFECTS DUMP Q2",3,"3-DESIGN",860,12,9,4,"CONTRACT PRINT - 6560",1,52.28571429,"1-CRITICAL","TESTING","14","20",1,"CONSOLIDATED DEFECTS DUMP Q2_3_3-DESIGN_860_12_9_4_CONTRACT PRINT - 6560_EXISTING_52.28571429_1-CRITICAL_TESTING",1,1,0,0,1,0,0,0,0,0,0,0,0,1,0,1,0,0,0,0,1,0,0,0,0,0,0,6.75693238924755,2.484906649788,2.19722457733622,1.38629436111989,3.95672318442802,0,0,0,0,1,0
"13","CONSOLIDATED DEFECTS DUMP Q2",3,"3-DESIGN",860,12,9,4,"CONTRACT PRINT - 6560",1,52.28571429,"2-HIGH","NON-CLASSIFIED","14","24",1,"CONSOLIDATED DEFECTS DUMP Q2_3_3-DESIGN_860_12_9_4_CONTRACT PRINT - 6560_EXISTING_52.28571429_2-HIGH_NON-CLASSIFIED",1,1,0,0,1,0,0,0,0,0,0,1,0,0,0,1,0,0,0,1,0,0,0,0,0,0,0,6.75693238924755,2.484906649788,2.19722457733622,1.38629436111989,3.95672318442802,0,0,0,0,1,0
"14","CONSOLIDATED DEFECTS DUMP Q2",3,"3-DESIGN",860,12,9,4,"CONTRACT PRINT - 6560",1,52.28571429,"2-HIGH","REQUIREMENTS","14","17",1,"CONSOLIDATED DEFECTS DUMP Q2_3_3-DESIGN_860_12_9_4_CONTRACT PRINT - 6560_EXISTING_52.28571429_2-HIGH_REQUIREMENTS",1,1,0,0,1,0,0,0,0,0,0,1,0,0,0,1,0,0,0,0,0,1,0,0,0,0,0,6.75693238924755,2.484906649788,2.19722457733622,1.38629436111989,3.95672318442802,0,0,0,0,1,0
"15","CONSOLIDATED DEFECTS DUMP Q2",3,"3-DESIGN",860,12,9,4,"CONTRACT PRINT - 6560",1,52.28571429,"3-MEDIUM","NON-CLASSIFIED","14","23",1,"CONSOLIDATED DEFECTS DUMP Q2_3_3-DESIGN_860_12_9_4_CONTRACT PRINT - 6560_EXISTING_52.28571429_3-MEDIUM_NON-CLASSIFIED",1,1,0,0,1,0,0,0,0,0,0,0,1,0,0,1,0,0,0,1,0,0,0,0,0,0,0,6.75693238924755,2.484906649788,2.19722457733622,1.38629436111989,3.95672318442802,0,0,0,0,1,0
"16","CONSOLIDATED DEFECTS DUMP Q2",3,"4.2-INTEGRATION TEST",1176,11,9,9,"EOPS - 2597",1,52.28571429,"2-HIGH","CODING","14","22",1,"CONSOLIDATED DEFECTS DUMP Q2_3_4.2-INTEGRATION TEST_1176_11_9_9_EOPS - 2597_EXISTING_52.28571429_2-HIGH_CODING",1,1,0,0,0,1,0,0,0,0,0,1,0,0,0,0,0,1,0,0,0,0,0,1,0,0,0,7.06987412845857,2.39789527279837,2.19722457733622,2.19722457733622,3.95672318442802,0,0,0,0,1,0
"17","CONSOLIDATED DEFECTS DUMP Q2",3,"4.2-INTEGRATION TEST",1176,11,9,9,"EOPS - 2597",1,52.28571429,"2-HIGH","ENVIRONMENT","14","22",1,"CONSOLIDATED DEFECTS DUMP Q2_3_4.2-INTEGRATION TEST_1176_11_9_9_EOPS - 2597_EXISTING_52.28571429_2-HIGH_ENVIRONMENT",1,1,0,0,0,1,0,0,0,0,0,1,0,0,0,0,0,1,0,0,0,0,0,0,1,0,0,7.06987412845857,2.39789527279837,2.19722457733622,2.19722457733622,3.95672318442802,0,0,0,0,1,0
"18","CONSOLIDATED DEFECTS DUMP Q2",3,"4.2-INTEGRATION TEST",1176,11,9,9,"EOPS - 2597",1,52.28571429,"2-HIGH","TESTING","14","22",1,"CONSOLIDATED DEFECTS DUMP Q2_3_4.2-INTEGRATION TEST_1176_11_9_9_EOPS - 2597_EXISTING_52.28571429_2-HIGH_TESTING",1,1,0,0,0,1,0,0,0,0,0,1,0,0,0,0,0,1,0,0,1,0,0,0,0,0,0,7.06987412845857,2.39789527279837,2.19722457733622,2.19722457733622,3.95672318442802,0,0,0,0,1,0
"19","CONSOLIDATED DEFECTS DUMP Q2",3,"4.2-INTEGRATION TEST",1176,11,9,9,"EOPS - 2597",1,52.28571429,"3-MEDIUM","CODING","14","22",1,"CONSOLIDATED DEFECTS DUMP Q2_3_4.2-INTEGRATION TEST_1176_11_9_9_EOPS - 2597_EXISTING_52.28571429_3-MEDIUM_CODING",1,1,0,0,0,1,0,0,0,0,0,0,1,0,0,0,0,1,0,0,0,0,0,1,0,0,0,7.06987412845857,2.39789527279837,2.19722457733622,2.19722457733622,3.95672318442802,0,0,0,0,1,0
"20","CONSOLIDATED DEFECTS DUMP Q2",3,"4.2-INTEGRATION TEST",1176,11,9,9,"EOPS - 2597",1,52.28571429,"3-MEDIUM","TESTING","14","23",1,"CONSOLIDATED DEFECTS DUMP Q2_3_4.2-INTEGRATION TEST_1176_11_9_9_EOPS - 2597_EXISTING_52.28571429_3-MEDIUM_TESTING",1,1,0,0,0,1,0,0,0,0,0,0,1,0,0,0,0,1,0,0,1,0,0,0,0,0,0,7.06987412845857,2.39789527279837,2.19722457733622,2.19722457733622,3.95672318442802,0,0,0,0,1,0
"21","CONSOLIDATED DEFECTS DUMP Q2",3,"5.2-FUNCTIONAL",860,12,9,4,"CONTRACT PRINT - 6560",1,52.28571429,"1-CRITICAL","CODING","14","14",1,"CONSOLIDATED DEFECTS DUMP Q2_3_5.2-FUNCTIONAL_860_12_9_4_CONTRACT PRINT - 6560_EXISTING_52.28571429_1-CRITICAL_CODING",1,1,0,0,0,0,1,0,0,0,0,0,0,1,0,1,0,0,0,0,0,0,0,1,0,0,0,6.75693238924755,2.484906649788,2.19722457733622,1.38629436111989,3.95672318442802,0,0,0,0,1,0
"22","CONSOLIDATED DEFECTS DUMP Q2",3,"5.2-FUNCTIONAL",860,12,9,4,"CONTRACT PRINT - 6560",1,52.28571429,"1-CRITICAL","CODING","14","18",4,"CONSOLIDATED DEFECTS DUMP Q2_3_5.2-FUNCTIONAL_860_12_9_4_CONTRACT PRINT - 6560_EXISTING_52.28571429_1-CRITICAL_CODING",2,1,0,0,0,0,1,0,0,0,0,0,0,1,0,1,0,0,0,0,0,0,0,1,0,0,0,6.75693238924755,2.484906649788,2.19722457733622,1.38629436111989,3.95672318442802,0,0,0,0,1,0.75
"23","CONSOLIDATED DEFECTS DUMP Q2",3,"5.2-FUNCTIONAL",860,12,9,4,"CONTRACT PRINT - 6560",1,52.28571429,"1-CRITICAL","DATA","14","13",1,"CONSOLIDATED DEFECTS DUMP Q2_3_5.2-FUNCTIONAL_860_12_9_4_CONTRACT PRINT - 6560_EXISTING_52.28571429_1-CRITICAL_DATA",1,1,0,0,0,0,1,0,0,0,0,0,0,1,0,1,0,0,0,0,0,0,0,0,0,1,0,6.75693238924755,2.484906649788,2.19722457733622,1.38629436111989,3.95672318442802,0,0,0,0,1,0
"24","CONSOLIDATED DEFECTS DUMP Q2",3,"5.2-FUNCTIONAL",860,12,9,4,"CONTRACT PRINT - 6560",1,52.28571429,"1-CRITICAL","DATA","14","18",1,"CONSOLIDATED DEFECTS DUMP Q2_3_5.2-FUNCTIONAL_860_12_9_4_CONTRACT PRINT - 6560_EXISTING_52.28571429_1-CRITICAL_DATA",2,1,0,0,0,0,1,0,0,0,0,0,0,1,0,1,0,0,0,0,0,0,0,0,0,1,0,6.75693238924755,2.484906649788,2.19722457733622,1.38629436111989,3.95672318442802,0,0,0,0,1,0
"25","CONSOLIDATED DEFECTS DUMP Q2",3,"5.2-FUNCTIONAL",860,12,9,4,"CONTRACT PRINT - 6560",1,52.28571429,"1-CRITICAL","DATA","14","19",1,"CONSOLIDATED DEFECTS DUMP Q2_3_5.2-FUNCTIONAL_860_12_9_4_CONTRACT PRINT - 6560_EXISTING_52.28571429_1-CRITICAL_DATA",3,1,0,0,0,0,1,0,0,0,0,0,0,1,0,1,0,0,0,0,0,0,0,0,0,1,0,6.75693238924755,2.484906649788,2.19722457733622,1.38629436111989,3.95672318442802,0,0,0,0,1,0
"26","CONSOLIDATED DEFECTS DUMP Q2",3,"5.2-FUNCTIONAL",860,12,9,4,"CONTRACT PRINT - 6560",1,52.28571429,"1-CRITICAL","DESIGN","14","18",1,"CONSOLIDATED DEFECTS DUMP Q2_3_5.2-FUNCTIONAL_860_12_9_4_CONTRACT PRINT - 6560_EXISTING_52.28571429_1-CRITICAL_DESIGN",1,1,0,0,0,0,1,0,0,0,0,0,0,1,0,1,0,0,0,0,0,0,0,0,0,0,1,6.75693238924755,2.484906649788,2.19722457733622,1.38629436111989,3.95672318442802,0,0,0,0,1,0
"27","CONSOLIDATED DEFECTS DUMP Q2",3,"5.2-FUNCTIONAL",860,12,9,4,"CONTRACT PRINT - 6560",1,52.28571429,"1-CRITICAL","ENVIRONMENT","14","14",3,"CONSOLIDATED DEFECTS DUMP Q2_3_5.2-FUNCTIONAL_860_12_9_4_CONTRACT PRINT - 6560_EXISTING_52.28571429_1-CRITICAL_ENVIRONMENT",1,1,0,0,0,0,1,0,0,0,0,0,0,1,0,1,0,0,0,0,0,0,0,0,1,0,0,6.75693238924755,2.484906649788,2.19722457733622,1.38629436111989,3.95672318442802,0,0,0,0,1,0.666666666666667
"28","CONSOLIDATED DEFECTS DUMP Q2",3,"5.2-FUNCTIONAL",860,12,9,4,"CONTRACT PRINT - 6560",1,52.28571429,"1-CRITICAL","REQUIREMENTS","14","14",1,"CONSOLIDATED DEFECTS DUMP Q2_3_5.2-FUNCTIONAL_860_12_9_4_CONTRACT PRINT - 6560_EXISTING_52.28571429_1-CRITICAL_REQUIREMENTS",1,1,0,0,0,0,1,0,0,0,0,0,0,1,0,1,0,0,0,0,0,1,0,0,0,0,0,6.75693238924755,2.484906649788,2.19722457733622,1.38629436111989,3.95672318442802,0,0,0,0,1,0
"29","CONSOLIDATED DEFECTS DUMP Q2",3,"5.2-FUNCTIONAL",860,12,9,4,"CONTRACT PRINT - 6560",1,52.28571429,"1-CRITICAL","REQUIREMENTS","14","15",2,"CONSOLIDATED DEFECTS DUMP Q2_3_5.2-FUNCTIONAL_860_12_9_4_CONTRACT PRINT - 6560_EXISTING_52.28571429_1-CRITICAL_REQUIREMENTS",2,1,0,0,0,0,1,0,0,0,0,0,0,1,0,1,0,0,0,0,0,1,0,0,0,0,0,6.75693238924755,2.484906649788,2.19722457733622,1.38629436111989,3.95672318442802,0,0,0,0,1,0.5
"30","CONSOLIDATED DEFECTS DUMP Q2",3,"5.2-FUNCTIONAL",860,12,9,4,"CONTRACT PRINT - 6560",1,52.28571429,"1-CRITICAL","REQUIREMENTS","14","18",5,"CONSOLIDATED DEFECTS DUMP Q2_3_5.2-FUNCTIONAL_860_12_9_4_CONTRACT PRINT - 6560_EXISTING_52.28571429_1-CRITICAL_REQUIREMENTS",3,1,0,0,0,0,1,0,0,0,0,0,0,1,0,1,0,0,0,0,0,1,0,0,0,0,0,6.75693238924755,2.484906649788,2.19722457733622,1.38629436111989,3.95672318442802,0,0,0,0,1,0.8
"31","CONSOLIDATED DEFECTS DUMP Q2",3,"5.2-FUNCTIONAL",860,12,9,4,"CONTRACT PRINT - 6560",1,52.28571429,"1-CRITICAL","REQUIREMENTS","14","21",1,"CONSOLIDATED DEFECTS DUMP Q2_3_5.2-FUNCTIONAL_860_12_9_4_CONTRACT PRINT - 6560_EXISTING_52.28571429_1-CRITICAL_REQUIREMENTS",4,1,0,0,0,0,1,0,0,0,0,0,0,1,0,1,0,0,0,0,0,1,0,0,0,0,0,6.75693238924755,2.484906649788,2.19722457733622,1.38629436111989,3.95672318442802,0,0,0,0,2,1
"32","CONSOLIDATED DEFECTS DUMP Q2",3,"5.2-FUNCTIONAL",860,12,9,4,"CONTRACT PRINT - 6560",1,52.28571429,"1-CRITICAL","TESTING","14","14",5,"CONSOLIDATED DEFECTS DUMP Q2_3_5.2-FUNCTIONAL_860_12_9_4_CONTRACT PRINT - 6560_EXISTING_52.28571429_1-CRITICAL_TESTING",1,1,0,0,0,0,1,0,0,0,0,0,0,1,0,1,0,0,0,0,1,0,0,0,0,0,0,6.75693238924755,2.484906649788,2.19722457733622,1.38629436111989,3.95672318442802,0,0,0,0,1,0.8
"33","CONSOLIDATED DEFECTS DUMP Q2",3,"5.2-FUNCTIONAL",860,12,9,4,"CONTRACT PRINT - 6560",1,52.28571429,"1-CRITICAL","TESTING","14","16",3,"CONSOLIDATED DEFECTS DUMP Q2_3_5.2-FUNCTIONAL_860_12_9_4_CONTRACT PRINT - 6560_EXISTING_52.28571429_1-CRITICAL_TESTING",2,1,0,0,0,0,1,0,0,0,0,0,0,1,0,1,0,0,0,0,1,0,0,0,0,0,0,6.75693238924755,2.484906649788,2.19722457733622,1.38629436111989,3.95672318442802,0,0,0,0,1,0.666666666666667
"34","CONSOLIDATED DEFECTS DUMP Q2",3,"5.2-FUNCTIONAL",860,12,9,4,"CONTRACT PRINT - 6560",1,52.28571429,"1-CRITICAL","TESTING","14","18",2,"CONSOLIDATED DEFECTS DUMP Q2_3_5.2-FUNCTIONAL_860_12_9_4_CONTRACT PRINT - 6560_EXISTING_52.28571429_1-CRITICAL_TESTING",3,1,0,0,0,0,1,0,0,0,0,0,0,1,0,1,0,0,0,0,1,0,0,0,0,0,0,6.75693238924755,2.484906649788,2.19722457733622,1.38629436111989,3.95672318442802,0,0,0,0,2,0
"35","CONSOLIDATED DEFECTS DUMP Q2",3,"5.2-FUNCTIONAL",860,12,9,4,"CONTRACT PRINT - 6560",1,52.28571429,"2-HIGH","CODING","14","13",4,"CONSOLIDATED DEFECTS DUMP Q2_3_5.2-FUNCTIONAL_860_12_9_4_CONTRACT PRINT - 6560_EXISTING_52.28571429_2-HIGH_CODING",1,1,0,0,0,0,1,0,0,0,0,1,0,0,0,1,0,0,0,0,0,0,0,1,0,0,0,6.75693238924755,2.484906649788,2.19722457733622,1.38629436111989,3.95672318442802,0,0,0,0,4,0
"36","CONSOLIDATED DEFECTS DUMP Q2",3,"5.2-FUNCTIONAL",860,12,9,4,"CONTRACT PRINT - 6560",1,52.28571429,"2-HIGH","DATA","14","14",1,"CONSOLIDATED DEFECTS DUMP Q2_3_5.2-FUNCTIONAL_860_12_9_4_CONTRACT PRINT - 6560_EXISTING_52.28571429_2-HIGH_DATA",1,1,0,0,0,0,1,0,0,0,0,1,0,0,0,1,0,0,0,0,0,0,0,0,0,1,0,6.75693238924755,2.484906649788,2.19722457733622,1.38629436111989,3.95672318442802,0,0,0,0,1,0
"37","CONSOLIDATED DEFECTS DUMP Q2",3,"5.2-FUNCTIONAL",860,12,9,4,"CONTRACT PRINT - 6560",1,52.28571429,"2-HIGH","DATA","14","20",1,"CONSOLIDATED DEFECTS DUMP Q2_3_5.2-FUNCTIONAL_860_12_9_4_CONTRACT PRINT - 6560_EXISTING_52.28571429_2-HIGH_DATA",2,1,0,0,0,0,1,0,0,0,0,1,0,0,0,1,0,0,0,0,0,0,0,0,0,1,0,6.75693238924755,2.484906649788,2.19722457733622,1.38629436111989,3.95672318442802,0,0,0,0,1,0
"38","CONSOLIDATED DEFECTS DUMP Q2",3,"5.2-FUNCTIONAL",860,12,9,4,"CONTRACT PRINT - 6560",1,52.28571429,"2-HIGH","DESIGN","14","23",1,"CONSOLIDATED DEFECTS DUMP Q2_3_5.2-FUNCTIONAL_860_12_9_4_CONTRACT PRINT - 6560_EXISTING_52.28571429_2-HIGH_DESIGN",1,1,0,0,0,0,1,0,0,0,0,1,0,0,0,1,0,0,0,0,0,0,0,0,0,0,1,6.75693238924755,2.484906649788,2.19722457733622,1.38629436111989,3.95672318442802,0,0,0,0,1,0
"39","CONSOLIDATED DEFECTS DUMP Q2",3,"5.2-FUNCTIONAL",860,12,9,4,"CONTRACT PRINT - 6560",1,52.28571429,"2-HIGH","ENVIRONMENT","14","16",1,"CONSOLIDATED DEFECTS DUMP Q2_3_5.2-FUNCTIONAL_860_12_9_4_CONTRACT PRINT - 6560_EXISTING_52.28571429_2-HIGH_ENVIRONMENT",1,1,0,0,0,0,1,0,0,0,0,1,0,0,0,1,0,0,0,0,0,0,0,0,1,0,0,6.75693238924755,2.484906649788,2.19722457733622,1.38629436111989,3.95672318442802,0,0,0,0,1,0
"40","CONSOLIDATED DEFECTS DUMP Q2",3,"5.2-FUNCTIONAL",860,12,9,4,"CONTRACT PRINT - 6560",1,52.28571429,"2-HIGH","ENVIRONMENT","14","21",1,"CONSOLIDATED DEFECTS DUMP Q2_3_5.2-FUNCTIONAL_860_12_9_4_CONTRACT PRINT - 6560_EXISTING_52.28571429_2-HIGH_ENVIRONMENT",2,1,0,0,0,0,1,0,0,0,0,1,0,0,0,1,0,0,0,0,0,0,0,0,1,0,0,6.75693238924755,2.484906649788,2.19722457733622,1.38629436111989,3.95672318442802,0,0,0,0,1,0
"41","CONSOLIDATED DEFECTS DUMP Q2",3,"5.2-FUNCTIONAL",860,12,9,4,"CONTRACT PRINT - 6560",1,52.28571429,"2-HIGH","ENVIRONMENT","14","23",1,"CONSOLIDATED DEFECTS DUMP Q2_3_5.2-FUNCTIONAL_860_12_9_4_CONTRACT PRINT - 6560_EXISTING_52.28571429_2-HIGH_ENVIRONMENT",3,1,0,0,0,0,1,0,0,0,0,1,0,0,0,1,0,0,0,0,0,0,0,0,1,0,0,6.75693238924755,2.484906649788,2.19722457733622,1.38629436111989,3.95672318442802,0,0,0,0,1,0
"42","CONSOLIDATED DEFECTS DUMP Q2",3,"5.2-FUNCTIONAL",860,12,9,4,"CONTRACT PRINT - 6560",1,52.28571429,"2-HIGH","NON-CLASSIFIED","14","15",3,"CONSOLIDATED DEFECTS DUMP Q2_3_5.2-FUNCTIONAL_860_12_9_4_CONTRACT PRINT - 6560_EXISTING_52.28571429_2-HIGH_NON-CLASSIFIED",1,1,0,0,0,0,1,0,0,0,0,1,0,0,0,1,0,0,0,1,0,0,0,0,0,0,0,6.75693238924755,2.484906649788,2.19722457733622,1.38629436111989,3.95672318442802,0,0,0,0,4,0.333333333333333
"43","CONSOLIDATED DEFECTS DUMP Q2",3,"5.2-FUNCTIONAL",860,12,9,4,"CONTRACT PRINT - 6560",1,52.28571429,"2-HIGH","NON-CLASSIFIED","14","23",1,"CONSOLIDATED DEFECTS DUMP Q2_3_5.2-FUNCTIONAL_860_12_9_4_CONTRACT PRINT - 6560_EXISTING_52.28571429_2-HIGH_NON-CLASSIFIED",2,1,0,0,0,0,1,0,0,0,0,1,0,0,0,1,0,0,0,1,0,0,0,0,0,0,0,6.75693238924755,2.484906649788,2.19722457733622,1.38629436111989,3.95672318442802,0,0,0,0,3,2
"44","CONSOLIDATED DEFECTS DUMP Q2",3,"5.2-FUNCTIONAL",860,12,9,4,"CONTRACT PRINT - 6560",1,52.28571429,"2-HIGH","REQUIREMENTS","14","13",5,"CONSOLIDATED DEFECTS DUMP Q2_3_5.2-FUNCTIONAL_860_12_9_4_CONTRACT PRINT - 6560_EXISTING_52.28571429_2-HIGH_REQUIREMENTS",1,1,0,0,0,0,1,0,0,0,0,1,0,0,0,1,0,0,0,0,0,1,0,0,0,0,0,6.75693238924755,2.484906649788,2.19722457733622,1.38629436111989,3.95672318442802,0,0,0,0,1,0.8
"45","CONSOLIDATED DEFECTS DUMP Q2",3,"5.2-FUNCTIONAL",860,12,9,4,"CONTRACT PRINT - 6560",1,52.28571429,"2-HIGH","REQUIREMENTS","14","14",1,"CONSOLIDATED DEFECTS DUMP Q2_3_5.2-FUNCTIONAL_860_12_9_4_CONTRACT PRINT - 6560_EXISTING_52.28571429_2-HIGH_REQUIREMENTS",2,1,0,0,0,0,1,0,0,0,0,1,0,0,0,1,0,0,0,0,0,1,0,0,0,0,0,6.75693238924755,2.484906649788,2.19722457733622,1.38629436111989,3.95672318442802,0,0,0,0,1,0
"46","CONSOLIDATED DEFECTS DUMP Q2",3,"5.2-FUNCTIONAL",860,12,9,4,"CONTRACT PRINT - 6560",1,52.28571429,"2-HIGH","REQUIREMENTS","14","18",3,"CONSOLIDATED DEFECTS DUMP Q2_3_5.2-FUNCTIONAL_860_12_9_4_CONTRACT PRINT - 6560_EXISTING_52.28571429_2-HIGH_REQUIREMENTS",3,1,0,0,0,0,1,0,0,0,0,1,0,0,0,1,0,0,0,0,0,1,0,0,0,0,0,6.75693238924755,2.484906649788,2.19722457733622,1.38629436111989,3.95672318442802,0,0,0,0,1,0.666666666666667
"47","CONSOLIDATED DEFECTS DUMP Q2",3,"5.2-FUNCTIONAL",860,12,9,4,"CONTRACT PRINT - 6560",1,52.28571429,"2-HIGH","REQUIREMENTS","14","21",2,"CONSOLIDATED DEFECTS DUMP Q2_3_5.2-FUNCTIONAL_860_12_9_4_CONTRACT PRINT - 6560_EXISTING_52.28571429_2-HIGH_REQUIREMENTS",4,1,0,0,0,0,1,0,0,0,0,1,0,0,0,1,0,0,0,0,0,1,0,0,0,0,0,6.75693238924755,2.484906649788,2.19722457733622,1.38629436111989,3.95672318442802,0,0,0,0,1,0.5
"48","CONSOLIDATED DEFECTS DUMP Q2",3,"5.2-FUNCTIONAL",860,12,9,4,"CONTRACT PRINT - 6560",1,52.28571429,"2-HIGH","REQUIREMENTS","14","22",2,"CONSOLIDATED DEFECTS DUMP Q2_3_5.2-FUNCTIONAL_860_12_9_4_CONTRACT PRINT - 6560_EXISTING_52.28571429_2-HIGH_REQUIREMENTS",5,1,0,0,0,0,1,0,0,0,0,1,0,0,0,1,0,0,0,0,0,1,0,0,0,0,0,6.75693238924755,2.484906649788,2.19722457733622,1.38629436111989,3.95672318442802,0,0,0,0,2,0
"49","CONSOLIDATED DEFECTS DUMP Q2",3,"5.2-FUNCTIONAL",860,12,9,4,"CONTRACT PRINT - 6560",1,52.28571429,"2-HIGH","REQUIREMENTS","14","23",2,"CONSOLIDATED DEFECTS DUMP Q2_3_5.2-FUNCTIONAL_860_12_9_4_CONTRACT PRINT - 6560_EXISTING_52.28571429_2-HIGH_REQUIREMENTS",6,1,0,0,0,0,1,0,0,0,0,1,0,0,0,1,0,0,0,0,0,1,0,0,0,0,0,6.75693238924755,2.484906649788,2.19722457733622,1.38629436111989,3.95672318442802,0,0,0,0,2,0
"50","CONSOLIDATED DEFECTS DUMP Q2",3,"5.2-FUNCTIONAL",860,12,9,4,"CONTRACT PRINT - 6560",1,52.28571429,"2-HIGH","TESTING","14","13",3,"CONSOLIDATED DEFECTS DUMP Q2_3_5.2-FUNCTIONAL_860_12_9_4_CONTRACT PRINT - 6560_EXISTING_52.28571429_2-HIGH_TESTING",1,1,0,0,0,0,1,0,0,0,0,1,0,0,0,1,0,0,0,0,1,0,0,0,0,0,0,6.75693238924755,2.484906649788,2.19722457733622,1.38629436111989,3.95672318442802,0,0,0,0,1,0.666666666666667
"51","CONSOLIDATED DEFECTS DUMP Q2",3,"5.2-FUNCTIONAL",860,12,9,4,"CONTRACT PRINT - 6560",1,52.28571429,"2-HIGH","TESTING","14","14",2,"CONSOLIDATED DEFECTS DUMP Q2_3_5.2-FUNCTIONAL_860_12_9_4_CONTRACT PRINT - 6560_EXISTING_52.28571429_2-HIGH_TESTING",2,1,0,0,0,0,1,0,0,0,0,1,0,0,0,1,0,0,0,0,1,0,0,0,0,0,0,6.75693238924755,2.484906649788,2.19722457733622,1.38629436111989,3.95672318442802,0,0,0,0,1,0.5
"52","CONSOLIDATED DEFECTS DUMP Q2",3,"5.2-FUNCTIONAL",860,12,9,4,"CONTRACT PRINT - 6560",1,52.28571429,"2-HIGH","TESTING","14","15",2,"CONSOLIDATED DEFECTS DUMP Q2_3_5.2-FUNCTIONAL_860_12_9_4_CONTRACT PRINT - 6560_EXISTING_52.28571429_2-HIGH_TESTING",3,1,0,0,0,0,1,0,0,0,0,1,0,0,0,1,0,0,0,0,1,0,0,0,0,0,0,6.75693238924755,2.484906649788,2.19722457733622,1.38629436111989,3.95672318442802,0,0,0,0,1,0.5
"53","CONSOLIDATED DEFECTS DUMP Q2",3,"5.2-FUNCTIONAL",860,12,9,4,"CONTRACT PRINT - 6560",1,52.28571429,"2-HIGH","TESTING","14","16",1,"CONSOLIDATED DEFECTS DUMP Q2_3_5.2-FUNCTIONAL_860_12_9_4_CONTRACT PRINT - 6560_EXISTING_52.28571429_2-HIGH_TESTING",4,1,0,0,0,0,1,0,0,0,0,1,0,0,0,1,0,0,0,0,1,0,0,0,0,0,0,6.75693238924755,2.484906649788,2.19722457733622,1.38629436111989,3.95672318442802,0,0,0,0,2,1
"54","CONSOLIDATED DEFECTS DUMP Q2",3,"5.2-FUNCTIONAL",860,12,9,4,"CONTRACT PRINT - 6560",1,52.28571429,"2-HIGH","TESTING","14","17",1,"CONSOLIDATED DEFECTS DUMP Q2_3_5.2-FUNCTIONAL_860_12_9_4_CONTRACT PRINT - 6560_EXISTING_52.28571429_2-HIGH_TESTING",5,1,0,0,0,0,1,0,0,0,0,1,0,0,0,1,0,0,0,0,1,0,0,0,0,0,0,6.75693238924755,2.484906649788,2.19722457733622,1.38629436111989,3.95672318442802,0,0,0,0,2,1
"55","CONSOLIDATED DEFECTS DUMP Q2",3,"5.2-FUNCTIONAL",860,12,9,4,"CONTRACT PRINT - 6560",1,52.28571429,"2-HIGH","TESTING","14","18",3,"CONSOLIDATED DEFECTS DUMP Q2_3_5.2-FUNCTIONAL_860_12_9_4_CONTRACT PRINT - 6560_EXISTING_52.28571429_2-HIGH_TESTING",6,1,0,0,0,0,1,0,0,0,0,1,0,0,0,1,0,0,0,0,1,0,0,0,0,0,0,6.75693238924755,2.484906649788,2.19722457733622,1.38629436111989,3.95672318442802,0,0,0,0,2,0.333333333333333
"56","CONSOLIDATED DEFECTS DUMP Q2",3,"5.2-FUNCTIONAL",860,12,9,4,"CONTRACT PRINT - 6560",1,52.28571429,"2-HIGH","TESTING","14","22",3,"CONSOLIDATED DEFECTS DUMP Q2_3_5.2-FUNCTIONAL_860_12_9_4_CONTRACT PRINT - 6560_EXISTING_52.28571429_2-HIGH_TESTING",7,1,0,0,0,0,1,0,0,0,0,1,0,0,0,1,0,0,0,0,1,0,0,0,0,0,0,6.75693238924755,2.484906649788,2.19722457733622,1.38629436111989,3.95672318442802,0,0,0,0,2,0.333333333333333
"57","CONSOLIDATED DEFECTS DUMP Q2",3,"5.2-FUNCTIONAL",860,12,9,4,"CONTRACT PRINT - 6560",1,52.28571429,"2-HIGH","TESTING","14","23",2,"CONSOLIDATED DEFECTS DUMP Q2_3_5.2-FUNCTIONAL_860_12_9_4_CONTRACT PRINT - 6560_EXISTING_52.28571429_2-HIGH_TESTING",8,1,0,0,0,0,1,0,0,0,0,1,0,0,0,1,0,0,0,0,1,0,0,0,0,0,0,6.75693238924755,2.484906649788,2.19722457733622,1.38629436111989,3.95672318442802,0,0,0,0,2,0
"58","CONSOLIDATED DEFECTS DUMP Q2",3,"5.2-FUNCTIONAL",860,12,9,4,"CONTRACT PRINT - 6560",1,52.28571429,"3-MEDIUM","CODING","14","14",1,"CONSOLIDATED DEFECTS DUMP Q2_3_5.2-FUNCTIONAL_860_12_9_4_CONTRACT PRINT - 6560_EXISTING_52.28571429_3-MEDIUM_CODING",1,1,0,0,0,0,1,0,0,0,0,0,1,0,0,1,0,0,0,0,0,0,0,1,0,0,0,6.75693238924755,2.484906649788,2.19722457733622,1.38629436111989,3.95672318442802,0,0,0,0,2,1
"59","CONSOLIDATED DEFECTS DUMP Q2",3,"5.2-FUNCTIONAL",860,12,9,4,"CONTRACT PRINT - 6560",1,52.28571429,"3-MEDIUM","CODING","14","22",1,"CONSOLIDATED DEFECTS DUMP Q2_3_5.2-FUNCTIONAL_860_12_9_4_CONTRACT PRINT - 6560_EXISTING_52.28571429_3-MEDIUM_CODING",2,1,0,0,0,0,1,0,0,0,0,0,1,0,0,1,0,0,0,0,0,0,0,1,0,0,0,6.75693238924755,2.484906649788,2.19722457733622,1.38629436111989,3.95672318442802,0,0,0,0,2,1
"60","CONSOLIDATED DEFECTS DUMP Q2",3,"5.2-FUNCTIONAL",860,12,9,4,"CONTRACT PRINT - 6560",1,52.28571429,"3-MEDIUM","NON-CLASSIFIED","14","24",3,"CONSOLIDATED DEFECTS DUMP Q2_3_5.2-FUNCTIONAL_860_12_9_4_CONTRACT PRINT - 6560_EXISTING_52.28571429_3-MEDIUM_NON-CLASSIFIED",1,1,0,0,0,0,1,0,0,0,0,0,1,0,0,1,0,0,0,1,0,0,0,0,0,0,0,6.75693238924755,2.484906649788,2.19722457733622,1.38629436111989,3.95672318442802,0,0,0,0,2,0.333333333333333
"61","CONSOLIDATED DEFECTS DUMP Q2",3,"5.2-FUNCTIONAL",860,12,9,4,"CONTRACT PRINT - 6560",1,52.28571429,"3-MEDIUM","TESTING","14","14",1,"CONSOLIDATED DEFECTS DUMP Q2_3_5.2-FUNCTIONAL_860_12_9_4_CONTRACT PRINT - 6560_EXISTING_52.28571429_3-MEDIUM_TESTING",1,1,0,0,0,0,1,0,0,0,0,0,1,0,0,1,0,0,0,0,1,0,0,0,0,0,0,6.75693238924755,2.484906649788,2.19722457733622,1.38629436111989,3.95672318442802,0,0,0,0,1,0
"62","CONSOLIDATED DEFECTS DUMP Q2",3,"5.2-FUNCTIONAL",860,12,9,4,"CONTRACT PRINT - 6560",1,52.28571429,"3-MEDIUM","TESTING","14","23",1,"CONSOLIDATED DEFECTS DUMP Q2_3_5.2-FUNCTIONAL_860_12_9_4_CONTRACT PRINT - 6560_EXISTING_52.28571429_3-MEDIUM_TESTING",2,1,0,0,0,0,1,0,0,0,0,0,1,0,0,1,0,0,0,0,1,0,0,0,0,0,0,6.75693238924755,2.484906649788,2.19722457733622,1.38629436111989,3.95672318442802,0,0,0,0,1,0
"63","CONSOLIDATED DEFECTS DUMP Q2",3,"5.2-FUNCTIONAL",860,12,9,4,"CONTRACT PRINT - 6560",1,52.28571429,"3-MEDIUM","TESTING","14","24",1,"CONSOLIDATED DEFECTS DUMP Q2_3_5.2-FUNCTIONAL_860_12_9_4_CONTRACT PRINT - 6560_EXISTING_52.28571429_3-MEDIUM_TESTING",3,1,0,0,0,0,1,0,0,0,0,0,1,0,0,1,0,0,0,0,1,0,0,0,0,0,0,6.75693238924755,2.484906649788,2.19722457733622,1.38629436111989,3.95672318442802,0,0,0,0,2,1
"64","CONSOLIDATED DEFECTS DUMP Q2",3,"5.2-FUNCTIONAL",860,12,9,4,"CONTRACT PRINT - 6560",1,52.28571429,"4-LOW","TESTING","14","15",1,"CONSOLIDATED DEFECTS DUMP Q2_3_5.2-FUNCTIONAL_860_12_9_4_CONTRACT PRINT - 6560_EXISTING_52.28571429_4-LOW_TESTING",1,1,0,0,0,0,1,0,0,0,0,0,0,0,1,1,0,0,0,0,1,0,0,0,0,0,0,6.75693238924755,2.484906649788,2.19722457733622,1.38629436111989,3.95672318442802,0,0,0,0,1,0
"65","CONSOLIDATED DEFECTS DUMP Q2",3,"5.2-FUNCTIONAL",950,12,9,4,"ID COMP WEB PORTAL - 7091",1,52.28571429,"1-CRITICAL","CODING","14","13",1,"CONSOLIDATED DEFECTS DUMP Q2_3_5.2-FUNCTIONAL_950_12_9_4_ID COMP WEB PORTAL - 7091_EXISTING_52.28571429_1-CRITICAL_CODING",1,1,0,0,0,0,1,0,0,0,0,0,0,1,0,0,1,0,0,0,0,0,0,1,0,0,0,6.85646198459459,2.484906649788,2.19722457733622,1.38629436111989,3.95672318442802,0,0,0,0,1,0
"66","CONSOLIDATED DEFECTS DUMP Q2",3,"5.2-FUNCTIONAL",950,12,9,4,"ID COMP WEB PORTAL - 7091",1,52.28571429,"1-CRITICAL","ENVIRONMENT","14","14",1,"CONSOLIDATED DEFECTS DUMP Q2_3_5.2-FUNCTIONAL_950_12_9_4_ID COMP WEB PORTAL - 7091_EXISTING_52.28571429_1-CRITICAL_ENVIRONMENT",1,1,0,0,0,0,1,0,0,0,0,0,0,1,0,0,1,0,0,0,0,0,0,0,1,0,0,6.85646198459459,2.484906649788,2.19722457733622,1.38629436111989,3.95672318442802,0,0,0,0,1,0
"67","CONSOLIDATED DEFECTS DUMP Q2",3,"5.2-FUNCTIONAL",950,12,9,4,"ID COMP WEB PORTAL - 7091",1,52.28571429,"2-HIGH","CODING","14","13",10,"CONSOLIDATED DEFECTS DUMP Q2_3_5.2-FUNCTIONAL_950_12_9_4_ID COMP WEB PORTAL - 7091_EXISTING_52.28571429_2-HIGH_CODING",1,1,0,0,0,0,1,0,0,0,0,1,0,0,0,0,1,0,0,0,0,0,0,1,0,0,0,6.85646198459459,2.484906649788,2.19722457733622,1.38629436111989,3.95672318442802,0,0,0,0,4,0.6
"68","CONSOLIDATED DEFECTS DUMP Q2",3,"5.2-FUNCTIONAL",950,12,9,4,"ID COMP WEB PORTAL - 7091",1,52.28571429,"2-HIGH","CODING","14","15",5,"CONSOLIDATED DEFECTS DUMP Q2_3_5.2-FUNCTIONAL_950_12_9_4_ID COMP WEB PORTAL - 7091_EXISTING_52.28571429_2-HIGH_CODING",2,1,0,0,0,0,1,0,0,0,0,1,0,0,0,0,1,0,0,0,0,0,0,1,0,0,0,6.85646198459459,2.484906649788,2.19722457733622,1.38629436111989,3.95672318442802,0,0,0,0,3,0.4
"69","CONSOLIDATED DEFECTS DUMP Q2",3,"5.2-FUNCTIONAL",950,12,9,4,"ID COMP WEB PORTAL - 7091",1,52.28571429,"2-HIGH","CODING","14","16",3,"CONSOLIDATED DEFECTS DUMP Q2_3_5.2-FUNCTIONAL_950_12_9_4_ID COMP WEB PORTAL - 7091_EXISTING_52.28571429_2-HIGH_CODING",3,1,0,0,0,0,1,0,0,0,0,1,0,0,0,0,1,0,0,0,0,0,0,1,0,0,0,6.85646198459459,2.484906649788,2.19722457733622,1.38629436111989,3.95672318442802,0,0,0,0,3,0
"70","CONSOLIDATED DEFECTS DUMP Q2",3,"5.2-FUNCTIONAL",950,12,9,4,"ID COMP WEB PORTAL - 7091",1,52.28571429,"2-HIGH","CODING","14","18",4,"CONSOLIDATED DEFECTS DUMP Q2_3_5.2-FUNCTIONAL_950_12_9_4_ID COMP WEB PORTAL - 7091_EXISTING_52.28571429_2-HIGH_CODING",4,1,0,0,0,0,1,0,0,0,0,1,0,0,0,0,1,0,0,0,0,0,0,1,0,0,0,6.85646198459459,2.484906649788,2.19722457733622,1.38629436111989,3.95672318442802,0,0,0,0,4,0
"71","CONSOLIDATED DEFECTS DUMP Q2",3,"5.2-FUNCTIONAL",950,12,9,4,"ID COMP WEB PORTAL - 7091",1,52.28571429,"2-HIGH","CODING","14","19",1,"CONSOLIDATED DEFECTS DUMP Q2_3_5.2-FUNCTIONAL_950_12_9_4_ID COMP WEB PORTAL - 7091_EXISTING_52.28571429_2-HIGH_CODING",5,1,0,0,0,0,1,0,0,0,0,1,0,0,0,0,1,0,0,0,0,0,0,1,0,0,0,6.85646198459459,2.484906649788,2.19722457733622,1.38629436111989,3.95672318442802,0,0,0,0,4,3
"72","CONSOLIDATED DEFECTS DUMP Q2",3,"5.2-FUNCTIONAL",950,12,9,4,"ID COMP WEB PORTAL - 7091",1,52.28571429,"2-HIGH","DATA","14","13",3,"CONSOLIDATED DEFECTS DUMP Q2_3_5.2-FUNCTIONAL_950_12_9_4_ID COMP WEB PORTAL - 7091_EXISTING_52.28571429_2-HIGH_DATA",1,1,0,0,0,0,1,0,0,0,0,1,0,0,0,0,1,0,0,0,0,0,0,0,0,1,0,6.85646198459459,2.484906649788,2.19722457733622,1.38629436111989,3.95672318442802,0,0,0,0,1,0.666666666666667
"73","CONSOLIDATED DEFECTS DUMP Q2",3,"5.2-FUNCTIONAL",950,12,9,4,"ID COMP WEB PORTAL - 7091",1,52.28571429,"2-HIGH","DATA","14","14",2,"CONSOLIDATED DEFECTS DUMP Q2_3_5.2-FUNCTIONAL_950_12_9_4_ID COMP WEB PORTAL - 7091_EXISTING_52.28571429_2-HIGH_DATA",2,1,0,0,0,0,1,0,0,0,0,1,0,0,0,0,1,0,0,0,0,0,0,0,0,1,0,6.85646198459459,2.484906649788,2.19722457733622,1.38629436111989,3.95672318442802,0,0,0,0,1,0.5
"74","CONSOLIDATED DEFECTS DUMP Q2",3,"5.2-FUNCTIONAL",950,12,9,4,"ID COMP WEB PORTAL - 7091",1,52.28571429,"2-HIGH","DATA","14","17",3,"CONSOLIDATED DEFECTS DUMP Q2_3_5.2-FUNCTIONAL_950_12_9_4_ID COMP WEB PORTAL - 7091_EXISTING_52.28571429_2-HIGH_DATA",3,1,0,0,0,0,1,0,0,0,0,1,0,0,0,0,1,0,0,0,0,0,0,0,0,1,0,6.85646198459459,2.484906649788,2.19722457733622,1.38629436111989,3.95672318442802,0,0,0,0,1,0.666666666666667
"75","CONSOLIDATED DEFECTS DUMP Q2",3,"5.2-FUNCTIONAL",950,12,9,4,"ID COMP WEB PORTAL - 7091",1,52.28571429,"2-HIGH","DESIGN","14","13",1,"CONSOLIDATED DEFECTS DUMP Q2_3_5.2-FUNCTIONAL_950_12_9_4_ID COMP WEB PORTAL - 7091_EXISTING_52.28571429_2-HIGH_DESIGN",1,1,0,0,0,0,1,0,0,0,0,1,0,0,0,0,1,0,0,0,0,0,0,0,0,0,1,6.85646198459459,2.484906649788,2.19722457733622,1.38629436111989,3.95672318442802,0,0,0,0,1,0
"76","CONSOLIDATED DEFECTS DUMP Q2",3,"5.2-FUNCTIONAL",950,12,9,4,"ID COMP WEB PORTAL - 7091",1,52.28571429,"2-HIGH","DESIGN","14","14",2,"CONSOLIDATED DEFECTS DUMP Q2_3_5.2-FUNCTIONAL_950_12_9_4_ID COMP WEB PORTAL - 7091_EXISTING_52.28571429_2-HIGH_DESIGN",2,1,0,0,0,0,1,0,0,0,0,1,0,0,0,0,1,0,0,0,0,0,0,0,0,0,1,6.85646198459459,2.484906649788,2.19722457733622,1.38629436111989,3.95672318442802,0,0,0,0,1,0.5
"77","CONSOLIDATED DEFECTS DUMP Q2",3,"5.2-FUNCTIONAL",950,12,9,4,"ID COMP WEB PORTAL - 7091",1,52.28571429,"2-HIGH","ENVIRONMENT","14","13",1,"CONSOLIDATED DEFECTS DUMP Q2_3_5.2-FUNCTIONAL_950_12_9_4_ID COMP WEB PORTAL - 7091_EXISTING_52.28571429_2-HIGH_ENVIRONMENT",1,1,0,0,0,0,1,0,0,0,0,1,0,0,0,0,1,0,0,0,0,0,0,0,1,0,0,6.85646198459459,2.484906649788,2.19722457733622,1.38629436111989,3.95672318442802,0,0,0,0,1,0
"78","CONSOLIDATED DEFECTS DUMP Q2",3,"5.2-FUNCTIONAL",950,12,9,4,"ID COMP WEB PORTAL - 7091",1,52.28571429,"2-HIGH","NON-CLASSIFIED","14","15",1,"CONSOLIDATED DEFECTS DUMP Q2_3_5.2-FUNCTIONAL_950_12_9_4_ID COMP WEB PORTAL - 7091_EXISTING_52.28571429_2-HIGH_NON-CLASSIFIED",1,1,0,0,0,0,1,0,0,0,0,1,0,0,0,0,1,0,0,1,0,0,0,0,0,0,0,6.85646198459459,2.484906649788,2.19722457733622,1.38629436111989,3.95672318442802,0,0,0,0,4,3
"79","CONSOLIDATED DEFECTS DUMP Q2",3,"5.2-FUNCTIONAL",950,12,9,4,"ID COMP WEB PORTAL - 7091",1,52.28571429,"2-HIGH","NON-CLASSIFIED","14","16",1,"CONSOLIDATED DEFECTS DUMP Q2_3_5.2-FUNCTIONAL_950_12_9_4_ID COMP WEB PORTAL - 7091_EXISTING_52.28571429_2-HIGH_NON-CLASSIFIED",2,1,0,0,0,0,1,0,0,0,0,1,0,0,0,0,1,0,0,1,0,0,0,0,0,0,0,6.85646198459459,2.484906649788,2.19722457733622,1.38629436111989,3.95672318442802,0,0,0,0,3,2
"80","CONSOLIDATED DEFECTS DUMP Q2",3,"5.2-FUNCTIONAL",950,12,9,4,"ID COMP WEB PORTAL - 7091",1,52.28571429,"2-HIGH","REQUIREMENTS","14","13",2,"CONSOLIDATED DEFECTS DUMP Q2_3_5.2-FUNCTIONAL_950_12_9_4_ID COMP WEB PORTAL - 7091_EXISTING_52.28571429_2-HIGH_REQUIREMENTS",1,1,0,0,0,0,1,0,0,0,0,1,0,0,0,0,1,0,0,0,0,1,0,0,0,0,0,6.85646198459459,2.484906649788,2.19722457733622,1.38629436111989,3.95672318442802,0,0,0,0,1,0.5
"81","CONSOLIDATED DEFECTS DUMP Q2",3,"5.2-FUNCTIONAL",950,12,9,4,"ID COMP WEB PORTAL - 7091",1,52.28571429,"2-HIGH","TESTING","14","13",5,"CONSOLIDATED DEFECTS DUMP Q2_3_5.2-FUNCTIONAL_950_12_9_4_ID COMP WEB PORTAL - 7091_EXISTING_52.28571429_2-HIGH_TESTING",1,1,0,0,0,0,1,0,0,0,0,1,0,0,0,0,1,0,0,0,1,0,0,0,0,0,0,6.85646198459459,2.484906649788,2.19722457733622,1.38629436111989,3.95672318442802,0,0,0,0,1,0.8
"82","CONSOLIDATED DEFECTS DUMP Q2",3,"5.2-FUNCTIONAL",950,12,9,4,"ID COMP WEB PORTAL - 7091",1,52.28571429,"2-HIGH","TESTING","14","14",3,"CONSOLIDATED DEFECTS DUMP Q2_3_5.2-FUNCTIONAL_950_12_9_4_ID COMP WEB PORTAL - 7091_EXISTING_52.28571429_2-HIGH_TESTING",2,1,0,0,0,0,1,0,0,0,0,1,0,0,0,0,1,0,0,0,1,0,0,0,0,0,0,6.85646198459459,2.484906649788,2.19722457733622,1.38629436111989,3.95672318442802,0,0,0,0,1,0.666666666666667
"83","CONSOLIDATED DEFECTS DUMP Q2",3,"5.2-FUNCTIONAL",950,12,9,4,"ID COMP WEB PORTAL - 7091",1,52.28571429,"2-HIGH","TESTING","14","16",1,"CONSOLIDATED DEFECTS DUMP Q2_3_5.2-FUNCTIONAL_950_12_9_4_ID COMP WEB PORTAL - 7091_EXISTING_52.28571429_2-HIGH_TESTING",3,1,0,0,0,0,1,0,0,0,0,1,0,0,0,0,1,0,0,0,1,0,0,0,0,0,0,6.85646198459459,2.484906649788,2.19722457733622,1.38629436111989,3.95672318442802,0,0,0,0,1,0
"84","CONSOLIDATED DEFECTS DUMP Q2",3,"5.2-FUNCTIONAL",950,12,9,4,"ID COMP WEB PORTAL - 7091",1,52.28571429,"2-HIGH","TESTING","14","17",1,"CONSOLIDATED DEFECTS DUMP Q2_3_5.2-FUNCTIONAL_950_12_9_4_ID COMP WEB PORTAL - 7091_EXISTING_52.28571429_2-HIGH_TESTING",4,1,0,0,0,0,1,0,0,0,0,1,0,0,0,0,1,0,0,0,1,0,0,0,0,0,0,6.85646198459459,2.484906649788,2.19722457733622,1.38629436111989,3.95672318442802,0,0,0,0,2,1
"85","CONSOLIDATED DEFECTS DUMP Q2",3,"5.2-FUNCTIONAL",950,12,9,4,"ID COMP WEB PORTAL - 7091",1,52.28571429,"3-MEDIUM","CODING","14","13",10,"CONSOLIDATED DEFECTS DUMP Q2_3_5.2-FUNCTIONAL_950_12_9_4_ID COMP WEB PORTAL - 7091_EXISTING_52.28571429_3-MEDIUM_CODING",1,1,0,0,0,0,1,0,0,0,0,0,1,0,0,0,1,0,0,0,0,0,0,1,0,0,0,6.85646198459459,2.484906649788,2.19722457733622,1.38629436111989,3.95672318442802,0,0,0,0,2,0.8
"86","CONSOLIDATED DEFECTS DUMP Q2",3,"5.2-FUNCTIONAL",950,12,9,4,"ID COMP WEB PORTAL - 7091",1,52.28571429,"3-MEDIUM","CODING","14","14",1,"CONSOLIDATED DEFECTS DUMP Q2_3_5.2-FUNCTIONAL_950_12_9_4_ID COMP WEB PORTAL - 7091_EXISTING_52.28571429_3-MEDIUM_CODING",2,1,0,0,0,0,1,0,0,0,0,0,1,0,0,0,1,0,0,0,0,0,0,1,0,0,0,6.85646198459459,2.484906649788,2.19722457733622,1.38629436111989,3.95672318442802,0,0,0,0,2,1
"87","CONSOLIDATED DEFECTS DUMP Q2",3,"5.2-FUNCTIONAL",950,12,9,4,"ID COMP WEB PORTAL - 7091",1,52.28571429,"3-MEDIUM","CODING","14","15",9,"CONSOLIDATED DEFECTS DUMP Q2_3_5.2-FUNCTIONAL_950_12_9_4_ID COMP WEB PORTAL - 7091_EXISTING_52.28571429_3-MEDIUM_CODING",3,1,0,0,0,0,1,0,0,0,0,0,1,0,0,0,1,0,0,0,0,0,0,1,0,0,0,6.85646198459459,2.484906649788,2.19722457733622,1.38629436111989,3.95672318442802,0,0,0,0,3,0.666666666666667
"88","CONSOLIDATED DEFECTS DUMP Q2",3,"5.2-FUNCTIONAL",950,12,9,4,"ID COMP WEB PORTAL - 7091",1,52.28571429,"3-MEDIUM","CODING","14","16",4,"CONSOLIDATED DEFECTS DUMP Q2_3_5.2-FUNCTIONAL_950_12_9_4_ID COMP WEB PORTAL - 7091_EXISTING_52.28571429_3-MEDIUM_CODING",4,1,0,0,0,0,1,0,0,0,0,0,1,0,0,0,1,0,0,0,0,0,0,1,0,0,0,6.85646198459459,2.484906649788,2.19722457733622,1.38629436111989,3.95672318442802,0,0,0,0,3,0.25
"89","CONSOLIDATED DEFECTS DUMP Q2",3,"5.2-FUNCTIONAL",950,12,9,4,"ID COMP WEB PORTAL - 7091",1,52.28571429,"3-MEDIUM","CODING","14","18",1,"CONSOLIDATED DEFECTS DUMP Q2_3_5.2-FUNCTIONAL_950_12_9_4_ID COMP WEB PORTAL - 7091_EXISTING_52.28571429_3-MEDIUM_CODING",5,1,0,0,0,0,1,0,0,0,0,0,1,0,0,0,1,0,0,0,0,0,0,1,0,0,0,6.85646198459459,2.484906649788,2.19722457733622,1.38629436111989,3.95672318442802,0,0,0,0,3,2
"90","CONSOLIDATED DEFECTS DUMP Q2",3,"5.2-FUNCTIONAL",950,12,9,4,"ID COMP WEB PORTAL - 7091",1,52.28571429,"3-MEDIUM","CODING","14","19",1,"CONSOLIDATED DEFECTS DUMP Q2_3_5.2-FUNCTIONAL_950_12_9_4_ID COMP WEB PORTAL - 7091_EXISTING_52.28571429_3-MEDIUM_CODING",6,1,0,0,0,0,1,0,0,0,0,0,1,0,0,0,1,0,0,0,0,0,0,1,0,0,0,6.85646198459459,2.484906649788,2.19722457733622,1.38629436111989,3.95672318442802,0,0,0,0,3,2
"91","CONSOLIDATED DEFECTS DUMP Q2",3,"5.2-FUNCTIONAL",950,12,9,4,"ID COMP WEB PORTAL - 7091",1,52.28571429,"3-MEDIUM","DATA","14","14",1,"CONSOLIDATED DEFECTS DUMP Q2_3_5.2-FUNCTIONAL_950_12_9_4_ID COMP WEB PORTAL - 7091_EXISTING_52.28571429_3-MEDIUM_DATA",1,1,0,0,0,0,1,0,0,0,0,0,1,0,0,0,1,0,0,0,0,0,0,0,0,1,0,6.85646198459459,2.484906649788,2.19722457733622,1.38629436111989,3.95672318442802,0,0,0,0,1,0
"92","CONSOLIDATED DEFECTS DUMP Q2",3,"5.2-FUNCTIONAL",950,12,9,4,"ID COMP WEB PORTAL - 7091",1,52.28571429,"3-MEDIUM","DESIGN","14","14",1,"CONSOLIDATED DEFECTS DUMP Q2_3_5.2-FUNCTIONAL_950_12_9_4_ID COMP WEB PORTAL - 7091_EXISTING_52.28571429_3-MEDIUM_DESIGN",1,1,0,0,0,0,1,0,0,0,0,0,1,0,0,0,1,0,0,0,0,0,0,0,0,0,1,6.85646198459459,2.484906649788,2.19722457733622,1.38629436111989,3.95672318442802,0,0,0,0,1,0
"93","CONSOLIDATED DEFECTS DUMP Q2",3,"5.2-FUNCTIONAL",950,12,9,4,"ID COMP WEB PORTAL - 7091",1,52.28571429,"3-MEDIUM","NON-CLASSIFIED","14","15",1,"CONSOLIDATED DEFECTS DUMP Q2_3_5.2-FUNCTIONAL_950_12_9_4_ID COMP WEB PORTAL - 7091_EXISTING_52.28571429_3-MEDIUM_NON-CLASSIFIED",1,1,0,0,0,0,1,0,0,0,0,0,1,0,0,0,1,0,0,1,0,0,0,0,0,0,0,6.85646198459459,2.484906649788,2.19722457733622,1.38629436111989,3.95672318442802,0,0,0,0,2,1
"94","CONSOLIDATED DEFECTS DUMP Q2",3,"5.2-FUNCTIONAL",950,12,9,4,"ID COMP WEB PORTAL - 7091",1,52.28571429,"3-MEDIUM","NON-CLASSIFIED","14","17",1,"CONSOLIDATED DEFECTS DUMP Q2_3_5.2-FUNCTIONAL_950_12_9_4_ID COMP WEB PORTAL - 7091_EXISTING_52.28571429_3-MEDIUM_NON-CLASSIFIED",2,1,0,0,0,0,1,0,0,0,0,0,1,0,0,0,1,0,0,1,0,0,0,0,0,0,0,6.85646198459459,2.484906649788,2.19722457733622,1.38629436111989,3.95672318442802,0,0,0,0,2,1
"95","CONSOLIDATED DEFECTS DUMP Q2",3,"5.2-FUNCTIONAL",950,12,9,4,"ID COMP WEB PORTAL - 7091",1,52.28571429,"3-MEDIUM","NON-CLASSIFIED","14","19",1,"CONSOLIDATED DEFECTS DUMP Q2_3_5.2-FUNCTIONAL_950_12_9_4_ID COMP WEB PORTAL - 7091_EXISTING_52.28571429_3-MEDIUM_NON-CLASSIFIED",3,1,0,0,0,0,1,0,0,0,0,0,1,0,0,0,1,0,0,1,0,0,0,0,0,0,0,6.85646198459459,2.484906649788,2.19722457733622,1.38629436111989,3.95672318442802,0,0,0,0,3,2
"96","CONSOLIDATED DEFECTS DUMP Q2",3,"5.2-FUNCTIONAL",950,12,9,4,"ID COMP WEB PORTAL - 7091",1,52.28571429,"3-MEDIUM","TESTING","14","13",5,"CONSOLIDATED DEFECTS DUMP Q2_3_5.2-FUNCTIONAL_950_12_9_4_ID COMP WEB PORTAL - 7091_EXISTING_52.28571429_3-MEDIUM_TESTING",1,1,0,0,0,0,1,0,0,0,0,0,1,0,0,0,1,0,0,0,1,0,0,0,0,0,0,6.85646198459459,2.484906649788,2.19722457733622,1.38629436111989,3.95672318442802,0,0,0,0,1,0.8
"97","CONSOLIDATED DEFECTS DUMP Q2",3,"5.2-FUNCTIONAL",950,12,9,4,"ID COMP WEB PORTAL - 7091",1,52.28571429,"3-MEDIUM","TESTING","14","14",2,"CONSOLIDATED DEFECTS DUMP Q2_3_5.2-FUNCTIONAL_950_12_9_4_ID COMP WEB PORTAL - 7091_EXISTING_52.28571429_3-MEDIUM_TESTING",2,1,0,0,0,0,1,0,0,0,0,0,1,0,0,0,1,0,0,0,1,0,0,0,0,0,0,6.85646198459459,2.484906649788,2.19722457733622,1.38629436111989,3.95672318442802,0,0,0,0,1,0.5
"98","CONSOLIDATED DEFECTS DUMP Q2",3,"5.2-FUNCTIONAL",950,12,9,4,"ID COMP WEB PORTAL - 7091",1,52.28571429,"3-MEDIUM","TESTING","14","16",1,"CONSOLIDATED DEFECTS DUMP Q2_3_5.2-FUNCTIONAL_950_12_9_4_ID COMP WEB PORTAL - 7091_EXISTING_52.28571429_3-MEDIUM_TESTING",3,1,0,0,0,0,1,0,0,0,0,0,1,0,0,0,1,0,0,0,1,0,0,0,0,0,0,6.85646198459459,2.484906649788,2.19722457733622,1.38629436111989,3.95672318442802,0,0,0,0,2,1
"99","CONSOLIDATED DEFECTS DUMP Q2",3,"5.2-FUNCTIONAL",950,12,9,4,"ID COMP WEB PORTAL - 7091",1,52.28571429,"3-MEDIUM","TESTING","14","18",1,"CONSOLIDATED DEFECTS DUMP Q2_3_5.2-FUNCTIONAL_950_12_9_4_ID COMP WEB PORTAL - 7091_EXISTING_52.28571429_3-MEDIUM_TESTING",4,1,0,0,0,0,1,0,0,0,0,0,1,0,0,0,1,0,0,0,1,0,0,0,0,0,0,6.85646198459459,2.484906649788,2.19722457733622,1.38629436111989,3.95672318442802,0,0,0,0,2,1
"100","CONSOLIDATED DEFECTS DUMP Q2",3,"5.2-FUNCTIONAL",950,12,9,4,"ID COMP WEB PORTAL - 7091",1,52.28571429,"3-MEDIUM","TESTING","14","19",1,"CONSOLIDATED DEFECTS DUMP Q2_3_5.2-FUNCTIONAL_950_12_9_4_ID COMP WEB PORTAL - 7091_EXISTING_52.28571429_3-MEDIUM_TESTING",5,1,0,0,0,0,1,0,0,0,0,0,1,0,0,0,1,0,0,0,1,0,0,0,0,0,0,6.85646198459459,2.484906649788,2.19722457733622,1.38629436111989,3.95672318442802,0,0,0,0,2,1
"101","CONSOLIDATED DEFECTS DUMP Q2",3,"5.2-FUNCTIONAL",950,12,9,4,"ID COMP WEB PORTAL - 7091",1,52.28571429,"4-LOW","CODING","14","13",1,"CONSOLIDATED DEFECTS DUMP Q2_3_5.2-FUNCTIONAL_950_12_9_4_ID COMP WEB PORTAL - 7091_EXISTING_52.28571429_4-LOW_CODING",1,1,0,0,0,0,1,0,0,0,0,0,0,0,1,0,1,0,0,0,0,0,0,1,0,0,0,6.85646198459459,2.484906649788,2.19722457733622,1.38629436111989,3.95672318442802,0,0,0,0,1,0
"102","CONSOLIDATED DEFECTS DUMP Q2",3,"5.2-FUNCTIONAL",950,12,9,4,"ID COMP WEB PORTAL - 7091",1,52.28571429,"4-LOW","REQUIREMENTS","14","14",1,"CONSOLIDATED DEFECTS DUMP Q2_3_5.2-FUNCTIONAL_950_12_9_4_ID COMP WEB PORTAL - 7091_EXISTING_52.28571429_4-LOW_REQUIREMENTS",1,1,0,0,0,0,1,0,0,0,0,0,0,0,1,0,1,0,0,0,0,1,0,0,0,0,0,6.85646198459459,2.484906649788,2.19722457733622,1.38629436111989,3.95672318442802,0,0,0,0,1,0
"103","CONSOLIDATED DEFECTS DUMP Q2",3,"5.2-FUNCTIONAL",950,12,9,4,"ID COMP WEB PORTAL - 7091",1,52.28571429,"4-LOW","TESTING","14","13",1,"CONSOLIDATED DEFECTS DUMP Q2_3_5.2-FUNCTIONAL_950_12_9_4_ID COMP WEB PORTAL - 7091_EXISTING_52.28571429_4-LOW_TESTING",1,1,0,0,0,0,1,0,0,0,0,0,0,0,1,0,1,0,0,0,1,0,0,0,0,0,0,6.85646198459459,2.484906649788,2.19722457733622,1.38629436111989,3.95672318442802,0,0,0,0,1,0
"104","CONSOLIDATED DEFECTS DUMP Q2",3,"5.2-FUNCTIONAL",980,12,9,4,"EOPS - 2597",1,52.28571429,"2-HIGH","CODING","14","14",3,"CONSOLIDATED DEFECTS DUMP Q2_3_5.2-FUNCTIONAL_980_12_9_4_EOPS - 2597_EXISTING_52.28571429_2-HIGH_CODING",1,1,0,0,0,0,1,0,0,0,0,1,0,0,0,0,0,1,0,0,0,0,0,1,0,0,0,6.88755257166462,2.484906649788,2.19722457733622,1.38629436111989,3.95672318442802,0,0,0,0,4,0.333333333333333
"105","CONSOLIDATED DEFECTS DUMP Q2",3,"5.2-FUNCTIONAL",980,12,9,4,"EOPS - 2597",1,52.28571429,"2-HIGH","CODING","14","17",1,"CONSOLIDATED DEFECTS DUMP Q2_3_5.2-FUNCTIONAL_980_12_9_4_EOPS - 2597_EXISTING_52.28571429_2-HIGH_CODING",2,1,0,0,0,0,1,0,0,0,0,1,0,0,0,0,0,1,0,0,0,0,0,1,0,0,0,6.88755257166462,2.484906649788,2.19722457733622,1.38629436111989,3.95672318442802,0,0,0,0,3,2
"106","CONSOLIDATED DEFECTS DUMP Q2",3,"5.2-FUNCTIONAL",980,12,9,4,"EOPS - 2597",1,52.28571429,"2-HIGH","CODING","14","19",2,"CONSOLIDATED DEFECTS DUMP Q2_3_5.2-FUNCTIONAL_980_12_9_4_EOPS - 2597_EXISTING_52.28571429_2-HIGH_CODING",3,1,0,0,0,0,1,0,0,0,0,1,0,0,0,0,0,1,0,0,0,0,0,1,0,0,0,6.88755257166462,2.484906649788,2.19722457733622,1.38629436111989,3.95672318442802,0,0,0,0,3,0.5
"107","CONSOLIDATED DEFECTS DUMP Q2",3,"5.2-FUNCTIONAL",980,12,9,4,"EOPS - 2597",1,52.28571429,"2-HIGH","CODING","14","20",2,"CONSOLIDATED DEFECTS DUMP Q2_3_5.2-FUNCTIONAL_980_12_9_4_EOPS - 2597_EXISTING_52.28571429_2-HIGH_CODING",4,1,0,0,0,0,1,0,0,0,0,1,0,0,0,0,0,1,0,0,0,0,0,1,0,0,0,6.88755257166462,2.484906649788,2.19722457733622,1.38629436111989,3.95672318442802,0,0,0,0,4,1
"108","CONSOLIDATED DEFECTS DUMP Q2",3,"5.2-FUNCTIONAL",980,12,9,4,"EOPS - 2597",1,52.28571429,"2-HIGH","CODING","14","21",2,"CONSOLIDATED DEFECTS DUMP Q2_3_5.2-FUNCTIONAL_980_12_9_4_EOPS - 2597_EXISTING_52.28571429_2-HIGH_CODING",5,1,0,0,0,0,1,0,0,0,0,1,0,0,0,0,0,1,0,0,0,0,0,1,0,0,0,6.88755257166462,2.484906649788,2.19722457733622,1.38629436111989,3.95672318442802,0,0,0,0,4,1
"109","CONSOLIDATED DEFECTS DUMP Q2",3,"5.2-FUNCTIONAL",980,12,9,4,"EOPS - 2597",1,52.28571429,"2-HIGH","CODING","14","22",1,"CONSOLIDATED DEFECTS DUMP Q2_3_5.2-FUNCTIONAL_980_12_9_4_EOPS - 2597_EXISTING_52.28571429_2-HIGH_CODING",6,1,0,0,0,0,1,0,0,0,0,1,0,0,0,0,0,1,0,0,0,0,0,1,0,0,0,6.88755257166462,2.484906649788,2.19722457733622,1.38629436111989,3.95672318442802,0,0,0,0,4,3
"110","CONSOLIDATED DEFECTS DUMP Q2",3,"5.2-FUNCTIONAL",980,12,9,4,"EOPS - 2597",1,52.28571429,"2-HIGH","DESIGN","14","15",1,"CONSOLIDATED DEFECTS DUMP Q2_3_5.2-FUNCTIONAL_980_12_9_4_EOPS - 2597_EXISTING_52.28571429_2-HIGH_DESIGN",1,1,0,0,0,0,1,0,0,0,0,1,0,0,0,0,0,1,0,0,0,0,0,0,0,0,1,6.88755257166462,2.484906649788,2.19722457733622,1.38629436111989,3.95672318442802,0,0,0,0,1,0
"111","CONSOLIDATED DEFECTS DUMP Q2",3,"5.2-FUNCTIONAL",980,12,9,4,"EOPS - 2597",1,52.28571429,"2-HIGH","DESIGN","14","21",1,"CONSOLIDATED DEFECTS DUMP Q2_3_5.2-FUNCTIONAL_980_12_9_4_EOPS - 2597_EXISTING_52.28571429_2-HIGH_DESIGN",2,1,0,0,0,0,1,0,0,0,0,1,0,0,0,0,0,1,0,0,0,0,0,0,0,0,1,6.88755257166462,2.484906649788,2.19722457733622,1.38629436111989,3.95672318442802,0,0,0,0,1,0
"112","CONSOLIDATED DEFECTS DUMP Q2",3,"5.2-FUNCTIONAL",980,12,9,4,"EOPS - 2597",1,52.28571429,"2-HIGH","ENVIRONMENT","14","17",1,"CONSOLIDATED DEFECTS DUMP Q2_3_5.2-FUNCTIONAL_980_12_9_4_EOPS - 2597_EXISTING_52.28571429_2-HIGH_ENVIRONMENT",1,1,0,0,0,0,1,0,0,0,0,1,0,0,0,0,0,1,0,0,0,0,0,0,1,0,0,6.88755257166462,2.484906649788,2.19722457733622,1.38629436111989,3.95672318442802,0,0,0,0,1,0
"113","CONSOLIDATED DEFECTS DUMP Q2",3,"5.2-FUNCTIONAL",980,12,9,4,"EOPS - 2597",1,52.28571429,"2-HIGH","ENVIRONMENT","14","18",1,"CONSOLIDATED DEFECTS DUMP Q2_3_5.2-FUNCTIONAL_980_12_9_4_EOPS - 2597_EXISTING_52.28571429_2-HIGH_ENVIRONMENT",2,1,0,0,0,0,1,0,0,0,0,1,0,0,0,0,0,1,0,0,0,0,0,0,1,0,0,6.88755257166462,2.484906649788,2.19722457733622,1.38629436111989,3.95672318442802,0,0,0,0,1,0
"114","CONSOLIDATED DEFECTS DUMP Q2",3,"5.2-FUNCTIONAL",980,12,9,4,"EOPS - 2597",1,52.28571429,"2-HIGH","ENVIRONMENT","14","20",2,"CONSOLIDATED DEFECTS DUMP Q2_3_5.2-FUNCTIONAL_980_12_9_4_EOPS - 2597_EXISTING_52.28571429_2-HIGH_ENVIRONMENT",3,1,0,0,0,0,1,0,0,0,0,1,0,0,0,0,0,1,0,0,0,0,0,0,1,0,0,6.88755257166462,2.484906649788,2.19722457733622,1.38629436111989,3.95672318442802,0,0,0,0,1,0.5
"115","CONSOLIDATED DEFECTS DUMP Q2",3,"5.2-FUNCTIONAL",980,12,9,4,"EOPS - 2597",1,52.28571429,"2-HIGH","ENVIRONMENT","14","22",1,"CONSOLIDATED DEFECTS DUMP Q2_3_5.2-FUNCTIONAL_980_12_9_4_EOPS - 2597_EXISTING_52.28571429_2-HIGH_ENVIRONMENT",4,1,0,0,0,0,1,0,0,0,0,1,0,0,0,0,0,1,0,0,0,0,0,0,1,0,0,6.88755257166462,2.484906649788,2.19722457733622,1.38629436111989,3.95672318442802,0,0,0,0,1,0
"116","CONSOLIDATED DEFECTS DUMP Q2",3,"5.2-FUNCTIONAL",980,12,9,4,"EOPS - 2597",1,52.28571429,"2-HIGH","NON-CLASSIFIED","14","13",1,"CONSOLIDATED DEFECTS DUMP Q2_3_5.2-FUNCTIONAL_980_12_9_4_EOPS - 2597_EXISTING_52.28571429_2-HIGH_NON-CLASSIFIED",1,1,0,0,0,0,1,0,0,0,0,1,0,0,0,0,0,1,0,1,0,0,0,0,0,0,0,6.88755257166462,2.484906649788,2.19722457733622,1.38629436111989,3.95672318442802,0,0,0,0,4,3
"117","CONSOLIDATED DEFECTS DUMP Q2",3,"5.2-FUNCTIONAL",980,12,9,4,"EOPS - 2597",1,52.28571429,"2-HIGH","NON-CLASSIFIED","14","16",1,"CONSOLIDATED DEFECTS DUMP Q2_3_5.2-FUNCTIONAL_980_12_9_4_EOPS - 2597_EXISTING_52.28571429_2-HIGH_NON-CLASSIFIED",2,1,0,0,0,0,1,0,0,0,0,1,0,0,0,0,0,1,0,1,0,0,0,0,0,0,0,6.88755257166462,2.484906649788,2.19722457733622,1.38629436111989,3.95672318442802,0,0,0,0,3,2
"118","CONSOLIDATED DEFECTS DUMP Q2",3,"5.2-FUNCTIONAL",980,12,9,4,"EOPS - 2597",1,52.28571429,"2-HIGH","NON-CLASSIFIED","14","17",1,"CONSOLIDATED DEFECTS DUMP Q2_3_5.2-FUNCTIONAL_980_12_9_4_EOPS - 2597_EXISTING_52.28571429_2-HIGH_NON-CLASSIFIED",3,1,0,0,0,0,1,0,0,0,0,1,0,0,0,0,0,1,0,1,0,0,0,0,0,0,0,6.88755257166462,2.484906649788,2.19722457733622,1.38629436111989,3.95672318442802,0,0,0,0,3,2
"119","CONSOLIDATED DEFECTS DUMP Q2",3,"5.2-FUNCTIONAL",980,12,9,4,"EOPS - 2597",1,52.28571429,"2-HIGH","NON-CLASSIFIED","14","20",1,"CONSOLIDATED DEFECTS DUMP Q2_3_5.2-FUNCTIONAL_980_12_9_4_EOPS - 2597_EXISTING_52.28571429_2-HIGH_NON-CLASSIFIED",4,1,0,0,0,0,1,0,0,0,0,1,0,0,0,0,0,1,0,1,0,0,0,0,0,0,0,6.88755257166462,2.484906649788,2.19722457733622,1.38629436111989,3.95672318442802,0,0,0,0,4,3
"120","CONSOLIDATED DEFECTS DUMP Q2",3,"5.2-FUNCTIONAL",980,12,9,4,"EOPS - 2597",1,52.28571429,"2-HIGH","NON-CLASSIFIED","14","21",5,"CONSOLIDATED DEFECTS DUMP Q2_3_5.2-FUNCTIONAL_980_12_9_4_EOPS - 2597_EXISTING_52.28571429_2-HIGH_NON-CLASSIFIED",5,1,0,0,0,0,1,0,0,0,0,1,0,0,0,0,0,1,0,1,0,0,0,0,0,0,0,6.88755257166462,2.484906649788,2.19722457733622,1.38629436111989,3.95672318442802,0,0,0,0,4,0.2
"121","CONSOLIDATED DEFECTS DUMP Q2",3,"5.2-FUNCTIONAL",980,12,9,4,"EOPS - 2597",1,52.28571429,"2-HIGH","NON-CLASSIFIED","14","23",2,"CONSOLIDATED DEFECTS DUMP Q2_3_5.2-FUNCTIONAL_980_12_9_4_EOPS - 2597_EXISTING_52.28571429_2-HIGH_NON-CLASSIFIED",6,1,0,0,0,0,1,0,0,0,0,1,0,0,0,0,0,1,0,1,0,0,0,0,0,0,0,6.88755257166462,2.484906649788,2.19722457733622,1.38629436111989,3.95672318442802,0,0,0,0,4,1
"122","CONSOLIDATED DEFECTS DUMP Q2",3,"5.2-FUNCTIONAL",980,12,9,4,"EOPS - 2597",1,52.28571429,"2-HIGH","NON-CLASSIFIED","14","24",4,"CONSOLIDATED DEFECTS DUMP Q2_3_5.2-FUNCTIONAL_980_12_9_4_EOPS - 2597_EXISTING_52.28571429_2-HIGH_NON-CLASSIFIED",7,1,0,0,0,0,1,0,0,0,0,1,0,0,0,0,0,1,0,1,0,0,0,0,0,0,0,6.88755257166462,2.484906649788,2.19722457733622,1.38629436111989,3.95672318442802,0,0,0,0,4,0
"123","CONSOLIDATED DEFECTS DUMP Q2",3,"5.2-FUNCTIONAL",980,12,9,4,"EOPS - 2597",1,52.28571429,"2-HIGH","REQUIREMENTS","14","13",3,"CONSOLIDATED DEFECTS DUMP Q2_3_5.2-FUNCTIONAL_980_12_9_4_EOPS - 2597_EXISTING_52.28571429_2-HIGH_REQUIREMENTS",1,1,0,0,0,0,1,0,0,0,0,1,0,0,0,0,0,1,0,0,0,1,0,0,0,0,0,6.88755257166462,2.484906649788,2.19722457733622,1.38629436111989,3.95672318442802,0,0,0,0,1,0.666666666666667
"124","CONSOLIDATED DEFECTS DUMP Q2",3,"5.2-FUNCTIONAL",980,12,9,4,"EOPS - 2597",1,52.28571429,"2-HIGH","REQUIREMENTS","14","14",3,"CONSOLIDATED DEFECTS DUMP Q2_3_5.2-FUNCTIONAL_980_12_9_4_EOPS - 2597_EXISTING_52.28571429_2-HIGH_REQUIREMENTS",2,1,0,0,0,0,1,0,0,0,0,1,0,0,0,0,0,1,0,0,0,1,0,0,0,0,0,6.88755257166462,2.484906649788,2.19722457733622,1.38629436111989,3.95672318442802,0,0,0,0,1,0.666666666666667
"125","CONSOLIDATED DEFECTS DUMP Q2",3,"5.2-FUNCTIONAL",980,12,9,4,"EOPS - 2597",1,52.28571429,"2-HIGH","REQUIREMENTS","14","15",5,"CONSOLIDATED DEFECTS DUMP Q2_3_5.2-FUNCTIONAL_980_12_9_4_EOPS - 2597_EXISTING_52.28571429_2-HIGH_REQUIREMENTS",3,1,0,0,0,0,1,0,0,0,0,1,0,0,0,0,0,1,0,0,0,1,0,0,0,0,0,6.88755257166462,2.484906649788,2.19722457733622,1.38629436111989,3.95672318442802,0,0,0,0,1,0.8
"126","CONSOLIDATED DEFECTS DUMP Q2",3,"5.2-FUNCTIONAL",980,12,9,4,"EOPS - 2597",1,52.28571429,"2-HIGH","REQUIREMENTS","14","20",1,"CONSOLIDATED DEFECTS DUMP Q2_3_5.2-FUNCTIONAL_980_12_9_4_EOPS - 2597_EXISTING_52.28571429_2-HIGH_REQUIREMENTS",4,1,0,0,0,0,1,0,0,0,0,1,0,0,0,0,0,1,0,0,0,1,0,0,0,0,0,6.88755257166462,2.484906649788,2.19722457733622,1.38629436111989,3.95672318442802,0,0,0,0,1,0
"127","CONSOLIDATED DEFECTS DUMP Q2",3,"5.2-FUNCTIONAL",980,12,9,4,"EOPS - 2597",1,52.28571429,"2-HIGH","REQUIREMENTS","14","21",3,"CONSOLIDATED DEFECTS DUMP Q2_3_5.2-FUNCTIONAL_980_12_9_4_EOPS - 2597_EXISTING_52.28571429_2-HIGH_REQUIREMENTS",5,1,0,0,0,0,1,0,0,0,0,1,0,0,0,0,0,1,0,0,0,1,0,0,0,0,0,6.88755257166462,2.484906649788,2.19722457733622,1.38629436111989,3.95672318442802,0,0,0,0,2,0.333333333333333
"128","CONSOLIDATED DEFECTS DUMP Q2",3,"5.2-FUNCTIONAL",980,12,9,4,"EOPS - 2597",1,52.28571429,"2-HIGH","REQUIREMENTS","14","22",1,"CONSOLIDATED DEFECTS DUMP Q2_3_5.2-FUNCTIONAL_980_12_9_4_EOPS - 2597_EXISTING_52.28571429_2-HIGH_REQUIREMENTS",6,1,0,0,0,0,1,0,0,0,0,1,0,0,0,0,0,1,0,0,0,1,0,0,0,0,0,6.88755257166462,2.484906649788,2.19722457733622,1.38629436111989,3.95672318442802,0,0,0,0,2,1
"129","CONSOLIDATED DEFECTS DUMP Q2",3,"5.2-FUNCTIONAL",980,12,9,4,"EOPS - 2597",1,52.28571429,"2-HIGH","REQUIREMENTS","14","24",1,"CONSOLIDATED DEFECTS DUMP Q2_3_5.2-FUNCTIONAL_980_12_9_4_EOPS - 2597_EXISTING_52.28571429_2-HIGH_REQUIREMENTS",7,1,0,0,0,0,1,0,0,0,0,1,0,0,0,0,0,1,0,0,0,1,0,0,0,0,0,6.88755257166462,2.484906649788,2.19722457733622,1.38629436111989,3.95672318442802,0,0,0,0,2,1
"130","CONSOLIDATED DEFECTS DUMP Q2",3,"5.2-FUNCTIONAL",980,12,9,4,"EOPS - 2597",1,52.28571429,"2-HIGH","TESTING","14","14",1,"CONSOLIDATED DEFECTS DUMP Q2_3_5.2-FUNCTIONAL_980_12_9_4_EOPS - 2597_EXISTING_52.28571429_2-HIGH_TESTING",1,1,0,0,0,0,1,0,0,0,0,1,0,0,0,0,0,1,0,0,1,0,0,0,0,0,0,6.88755257166462,2.484906649788,2.19722457733622,1.38629436111989,3.95672318442802,0,0,0,0,1,0
"131","CONSOLIDATED DEFECTS DUMP Q2",3,"5.2-FUNCTIONAL",980,12,9,4,"EOPS - 2597",1,52.28571429,"2-HIGH","TESTING","14","18",1,"CONSOLIDATED DEFECTS DUMP Q2_3_5.2-FUNCTIONAL_980_12_9_4_EOPS - 2597_EXISTING_52.28571429_2-HIGH_TESTING",2,1,0,0,0,0,1,0,0,0,0,1,0,0,0,0,0,1,0,0,1,0,0,0,0,0,0,6.88755257166462,2.484906649788,2.19722457733622,1.38629436111989,3.95672318442802,0,0,0,0,1,0
"132","CONSOLIDATED DEFECTS DUMP Q2",3,"5.2-FUNCTIONAL",980,12,9,4,"EOPS - 2597",1,52.28571429,"2-HIGH","TESTING","14","20",1,"CONSOLIDATED DEFECTS DUMP Q2_3_5.2-FUNCTIONAL_980_12_9_4_EOPS - 2597_EXISTING_52.28571429_2-HIGH_TESTING",3,1,0,0,0,0,1,0,0,0,0,1,0,0,0,0,0,1,0,0,1,0,0,0,0,0,0,6.88755257166462,2.484906649788,2.19722457733622,1.38629436111989,3.95672318442802,0,0,0,0,1,0
"133","CONSOLIDATED DEFECTS DUMP Q2",3,"5.2-FUNCTIONAL",980,12,9,4,"EOPS - 2597",1,52.28571429,"2-HIGH","TESTING","14","21",2,"CONSOLIDATED DEFECTS DUMP Q2_3_5.2-FUNCTIONAL_980_12_9_4_EOPS - 2597_EXISTING_52.28571429_2-HIGH_TESTING",4,1,0,0,0,0,1,0,0,0,0,1,0,0,0,0,0,1,0,0,1,0,0,0,0,0,0,6.88755257166462,2.484906649788,2.19722457733622,1.38629436111989,3.95672318442802,0,0,0,0,2,0
"134","CONSOLIDATED DEFECTS DUMP Q2",3,"5.2-FUNCTIONAL",980,12,9,4,"EOPS - 2597",1,52.28571429,"2-HIGH","TESTING","14","23",2,"CONSOLIDATED DEFECTS DUMP Q2_3_5.2-FUNCTIONAL_980_12_9_4_EOPS - 2597_EXISTING_52.28571429_2-HIGH_TESTING",5,1,0,0,0,0,1,0,0,0,0,1,0,0,0,0,0,1,0,0,1,0,0,0,0,0,0,6.88755257166462,2.484906649788,2.19722457733622,1.38629436111989,3.95672318442802,0,0,0,0,2,0
"135","CONSOLIDATED DEFECTS DUMP Q2",3,"5.2-FUNCTIONAL",980,12,9,4,"EOPS - 2597",1,52.28571429,"3-MEDIUM","CODING","14","14",1,"CONSOLIDATED DEFECTS DUMP Q2_3_5.2-FUNCTIONAL_980_12_9_4_EOPS - 2597_EXISTING_52.28571429_3-MEDIUM_CODING",1,1,0,0,0,0,1,0,0,0,0,0,1,0,0,0,0,1,0,0,0,0,0,1,0,0,0,6.88755257166462,2.484906649788,2.19722457733622,1.38629436111989,3.95672318442802,0,0,0,0,2,1
"136","CONSOLIDATED DEFECTS DUMP Q2",3,"5.2-FUNCTIONAL",980,12,9,4,"EOPS - 2597",1,52.28571429,"3-MEDIUM","CODING","14","15",2,"CONSOLIDATED DEFECTS DUMP Q2_3_5.2-FUNCTIONAL_980_12_9_4_EOPS - 2597_EXISTING_52.28571429_3-MEDIUM_CODING",2,1,0,0,0,0,1,0,0,0,0,0,1,0,0,0,0,1,0,0,0,0,0,1,0,0,0,6.88755257166462,2.484906649788,2.19722457733622,1.38629436111989,3.95672318442802,0,0,0,0,2,0
"137","CONSOLIDATED DEFECTS DUMP Q2",3,"5.2-FUNCTIONAL",980,12,9,4,"EOPS - 2597",1,52.28571429,"3-MEDIUM","DATA","14","15",3,"CONSOLIDATED DEFECTS DUMP Q2_3_5.2-FUNCTIONAL_980_12_9_4_EOPS - 2597_EXISTING_52.28571429_3-MEDIUM_DATA",1,1,0,0,0,0,1,0,0,0,0,0,1,0,0,0,0,1,0,0,0,0,0,0,0,1,0,6.88755257166462,2.484906649788,2.19722457733622,1.38629436111989,3.95672318442802,0,0,0,0,1,0.666666666666667
"138","CONSOLIDATED DEFECTS DUMP Q2",3,"5.2-FUNCTIONAL",980,12,9,4,"EOPS - 2597",1,52.28571429,"3-MEDIUM","DESIGN","14","15",1,"CONSOLIDATED DEFECTS DUMP Q2_3_5.2-FUNCTIONAL_980_12_9_4_EOPS - 2597_EXISTING_52.28571429_3-MEDIUM_DESIGN",1,1,0,0,0,0,1,0,0,0,0,0,1,0,0,0,0,1,0,0,0,0,0,0,0,0,1,6.88755257166462,2.484906649788,2.19722457733622,1.38629436111989,3.95672318442802,0,0,0,0,1,0
"139","CONSOLIDATED DEFECTS DUMP Q2",3,"5.2-FUNCTIONAL",980,12,9,4,"EOPS - 2597",1,52.28571429,"3-MEDIUM","ENVIRONMENT","14","13",1,"CONSOLIDATED DEFECTS DUMP Q2_3_5.2-FUNCTIONAL_980_12_9_4_EOPS - 2597_EXISTING_52.28571429_3-MEDIUM_ENVIRONMENT",1,1,0,0,0,0,1,0,0,0,0,0,1,0,0,0,0,1,0,0,0,0,0,0,1,0,0,6.88755257166462,2.484906649788,2.19722457733622,1.38629436111989,3.95672318442802,0,0,0,0,1,0
"140","CONSOLIDATED DEFECTS DUMP Q2",3,"5.2-FUNCTIONAL",980,12,9,4,"EOPS - 2597",1,52.28571429,"3-MEDIUM","ENVIRONMENT","14","17",1,"CONSOLIDATED DEFECTS DUMP Q2_3_5.2-FUNCTIONAL_980_12_9_4_EOPS - 2597_EXISTING_52.28571429_3-MEDIUM_ENVIRONMENT",2,1,0,0,0,0,1,0,0,0,0,0,1,0,0,0,0,1,0,0,0,0,0,0,1,0,0,6.88755257166462,2.484906649788,2.19722457733622,1.38629436111989,3.95672318442802,0,0,0,0,1,0
"141","CONSOLIDATED DEFECTS DUMP Q2",3,"5.2-FUNCTIONAL",980,12,9,4,"EOPS - 2597",1,52.28571429,"3-MEDIUM","NON-CLASSIFIED","14","14",2,"CONSOLIDATED DEFECTS DUMP Q2_3_5.2-FUNCTIONAL_980_12_9_4_EOPS - 2597_EXISTING_52.28571429_3-MEDIUM_NON-CLASSIFIED",1,1,0,0,0,0,1,0,0,0,0,0,1,0,0,0,0,1,0,1,0,0,0,0,0,0,0,6.88755257166462,2.484906649788,2.19722457733622,1.38629436111989,3.95672318442802,0,0,0,0,2,0
"142","CONSOLIDATED DEFECTS DUMP Q2",3,"5.2-FUNCTIONAL",980,12,9,4,"EOPS - 2597",1,52.28571429,"3-MEDIUM","NON-CLASSIFIED","14","24",4,"CONSOLIDATED DEFECTS DUMP Q2_3_5.2-FUNCTIONAL_980_12_9_4_EOPS - 2597_EXISTING_52.28571429_3-MEDIUM_NON-CLASSIFIED",2,1,0,0,0,0,1,0,0,0,0,0,1,0,0,0,0,1,0,1,0,0,0,0,0,0,0,6.88755257166462,2.484906649788,2.19722457733622,1.38629436111989,3.95672318442802,0,0,0,0,2,0.5
"143","CONSOLIDATED DEFECTS DUMP Q2",3,"5.2-FUNCTIONAL",980,12,9,4,"EOPS - 2597",1,52.28571429,"3-MEDIUM","REQUIREMENTS","14","14",1,"CONSOLIDATED DEFECTS DUMP Q2_3_5.2-FUNCTIONAL_980_12_9_4_EOPS - 2597_EXISTING_52.28571429_3-MEDIUM_REQUIREMENTS",1,1,0,0,0,0,1,0,0,0,0,0,1,0,0,0,0,1,0,0,0,1,0,0,0,0,0,6.88755257166462,2.484906649788,2.19722457733622,1.38629436111989,3.95672318442802,0,0,0,0,1,0
"144","CONSOLIDATED DEFECTS DUMP Q2",3,"5.2-FUNCTIONAL",980,12,9,4,"EOPS - 2597",1,52.28571429,"3-MEDIUM","REQUIREMENTS","14","15",5,"CONSOLIDATED DEFECTS DUMP Q2_3_5.2-FUNCTIONAL_980_12_9_4_EOPS - 2597_EXISTING_52.28571429_3-MEDIUM_REQUIREMENTS",2,1,0,0,0,0,1,0,0,0,0,0,1,0,0,0,0,1,0,0,0,1,0,0,0,0,0,6.88755257166462,2.484906649788,2.19722457733622,1.38629436111989,3.95672318442802,0,0,0,0,1,0.8
"145","CONSOLIDATED DEFECTS DUMP Q2",3,"5.2-FUNCTIONAL",980,12,9,4,"EOPS - 2597",1,52.28571429,"3-MEDIUM","REQUIREMENTS","14","16",1,"CONSOLIDATED DEFECTS DUMP Q2_3_5.2-FUNCTIONAL_980_12_9_4_EOPS - 2597_EXISTING_52.28571429_3-MEDIUM_REQUIREMENTS",3,1,0,0,0,0,1,0,0,0,0,0,1,0,0,0,0,1,0,0,0,1,0,0,0,0,0,6.88755257166462,2.484906649788,2.19722457733622,1.38629436111989,3.95672318442802,0,0,0,0,1,0
"146","CONSOLIDATED DEFECTS DUMP Q2",3,"5.2-FUNCTIONAL",980,12,9,4,"EOPS - 2597",1,52.28571429,"3-MEDIUM","REQUIREMENTS","14","20",1,"CONSOLIDATED DEFECTS DUMP Q2_3_5.2-FUNCTIONAL_980_12_9_4_EOPS - 2597_EXISTING_52.28571429_3-MEDIUM_REQUIREMENTS",4,1,0,0,0,0,1,0,0,0,0,0,1,0,0,0,0,1,0,0,0,1,0,0,0,0,0,6.88755257166462,2.484906649788,2.19722457733622,1.38629436111989,3.95672318442802,0,0,0,0,2,1
"147","CONSOLIDATED DEFECTS DUMP Q2",3,"5.2-FUNCTIONAL",980,12,9,4,"EOPS - 2597",1,52.28571429,"3-MEDIUM","TESTING","14","14",2,"CONSOLIDATED DEFECTS DUMP Q2_3_5.2-FUNCTIONAL_980_12_9_4_EOPS - 2597_EXISTING_52.28571429_3-MEDIUM_TESTING",1,1,0,0,0,0,1,0,0,0,0,0,1,0,0,0,0,1,0,0,1,0,0,0,0,0,0,6.88755257166462,2.484906649788,2.19722457733622,1.38629436111989,3.95672318442802,0,0,0,0,1,0.5
"148","CONSOLIDATED DEFECTS DUMP Q2",3,"5.2-FUNCTIONAL",980,12,9,4,"EOPS - 2597",1,52.28571429,"3-MEDIUM","TESTING","14","15",3,"CONSOLIDATED DEFECTS DUMP Q2_3_5.2-FUNCTIONAL_980_12_9_4_EOPS - 2597_EXISTING_52.28571429_3-MEDIUM_TESTING",2,1,0,0,0,0,1,0,0,0,0,0,1,0,0,0,0,1,0,0,1,0,0,0,0,0,0,6.88755257166462,2.484906649788,2.19722457733622,1.38629436111989,3.95672318442802,0,0,0,0,1,0.666666666666667
"149","CONSOLIDATED DEFECTS DUMP Q2",3,"5.2-FUNCTIONAL",980,12,9,4,"EOPS - 2597",1,52.28571429,"3-MEDIUM","TESTING","14","19",2,"CONSOLIDATED DEFECTS DUMP Q2_3_5.2-FUNCTIONAL_980_12_9_4_EOPS - 2597_EXISTING_52.28571429_3-MEDIUM_TESTING",3,1,0,0,0,0,1,0,0,0,0,0,1,0,0,0,0,1,0,0,1,0,0,0,0,0,0,6.88755257166462,2.484906649788,2.19722457733622,1.38629436111989,3.95672318442802,0,0,0,0,2,0
"150","CONSOLIDATED DEFECTS DUMP Q2",3,"5.2-FUNCTIONAL",980,12,9,4,"EOPS - 2597",1,52.28571429,"3-MEDIUM","TESTING","14","23",1,"CONSOLIDATED DEFECTS DUMP Q2_3_5.2-FUNCTIONAL_980_12_9_4_EOPS - 2597_EXISTING_52.28571429_3-MEDIUM_TESTING",4,1,0,0,0,0,1,0,0,0,0,0,1,0,0,0,0,1,0,0,1,0,0,0,0,0,0,6.88755257166462,2.484906649788,2.19722457733622,1.38629436111989,3.95672318442802,0,0,0,0,2,1
"151","CONSOLIDATED DEFECTS DUMP Q2",3,"5.2-FUNCTIONAL",980,12,9,4,"EOPS - 2597",1,52.28571429,"4-LOW","TESTING","14","15",1,"CONSOLIDATED DEFECTS DUMP Q2_3_5.2-FUNCTIONAL_980_12_9_4_EOPS - 2597_EXISTING_52.28571429_4-LOW_TESTING",1,1,0,0,0,0,1,0,0,0,0,0,0,0,1,0,0,1,0,0,1,0,0,0,0,0,0,6.88755257166462,2.484906649788,2.19722457733622,1.38629436111989,3.95672318442802,0,0,0,0,1,0
"152","CONSOLIDATED DEFECTS DUMP Q2",3,"5.3-E2E",980,12,9,4,"EOPS - 2597",1,52.28571429,"3-MEDIUM","TESTING","14","19",1,"CONSOLIDATED DEFECTS DUMP Q2_3_5.3-E2E_980_12_9_4_EOPS - 2597_EXISTING_52.28571429_3-MEDIUM_TESTING",1,1,0,0,0,0,0,1,0,0,0,0,1,0,0,0,0,1,0,0,1,0,0,0,0,0,0,6.88755257166462,2.484906649788,2.19722457733622,1.38629436111989,3.95672318442802,0,0,0,0,3,2
"153","CONSOLIDATED DEFECTS DUMP Q2",3,"5.4-REGRESSION",860,12,9,4,"CONTRACT PRINT - 6560",1,52.28571429,"2-HIGH","TESTING","14","14",2,"CONSOLIDATED DEFECTS DUMP Q2_3_5.4-REGRESSION_860_12_9_4_CONTRACT PRINT - 6560_EXISTING_52.28571429_2-HIGH_TESTING",1,1,0,0,0,0,0,0,1,0,0,1,0,0,0,1,0,0,0,0,1,0,0,0,0,0,0,6.75693238924755,2.484906649788,2.19722457733622,1.38629436111989,3.95672318442802,0,0,0,0,1,0.5
"154","CONSOLIDATED DEFECTS DUMP Q2",3,"5.4-REGRESSION",860,12,9,4,"CONTRACT PRINT - 6560",1,52.28571429,"3-MEDIUM","TESTING","14","14",2,"CONSOLIDATED DEFECTS DUMP Q2_3_5.4-REGRESSION_860_12_9_4_CONTRACT PRINT - 6560_EXISTING_52.28571429_3-MEDIUM_TESTING",1,1,0,0,0,0,0,0,1,0,0,0,1,0,0,1,0,0,0,0,1,0,0,0,0,0,0,6.75693238924755,2.484906649788,2.19722457733622,1.38629436111989,3.95672318442802,0,0,0,0,1,0.5
"155","CONSOLIDATED DEFECTS DUMP Q2",3,"5.5-UAT",860,13,9,1,"CONTRACT PRINT - 6560",1,52.28571429,"1-CRITICAL","REQUIREMENTS","14","15",1,"CONSOLIDATED DEFECTS DUMP Q2_3_5.5-UAT_860_13_9_1_CONTRACT PRINT - 6560_EXISTING_52.28571429_1-CRITICAL_REQUIREMENTS",1,1,0,0,0,0,0,0,0,1,0,0,0,1,0,1,0,0,0,0,0,1,0,0,0,0,0,6.75693238924755,2.56494935746154,2.19722457733622,0,3.95672318442802,0,0,0,0,1,0
"156","CONSOLIDATED DEFECTS DUMP Q2",3,"5.5-UAT",860,13,9,1,"CONTRACT PRINT - 6560",1,52.28571429,"1-CRITICAL","TESTING","14","15",1,"CONSOLIDATED DEFECTS DUMP Q2_3_5.5-UAT_860_13_9_1_CONTRACT PRINT - 6560_EXISTING_52.28571429_1-CRITICAL_TESTING",1,1,0,0,0,0,0,0,0,1,0,0,0,1,0,1,0,0,0,0,1,0,0,0,0,0,0,6.75693238924755,2.56494935746154,2.19722457733622,0,3.95672318442802,0,0,0,0,1,0
"157","CONSOLIDATED DEFECTS DUMP Q2",3,"5.5-UAT",860,13,9,1,"CONTRACT PRINT - 6560",1,52.28571429,"2-HIGH","CODING","14","14",4,"CONSOLIDATED DEFECTS DUMP Q2_3_5.5-UAT_860_13_9_1_CONTRACT PRINT - 6560_EXISTING_52.28571429_2-HIGH_CODING",1,1,0,0,0,0,0,0,0,1,0,1,0,0,0,1,0,0,0,0,0,0,0,1,0,0,0,6.75693238924755,2.56494935746154,2.19722457733622,0,3.95672318442802,0,0,0,0,1,0.75
"158","CONSOLIDATED DEFECTS DUMP Q2",3,"5.5-UAT",860,13,9,1,"CONTRACT PRINT - 6560",1,52.28571429,"2-HIGH","CODING","14","15",1,"CONSOLIDATED DEFECTS DUMP Q2_3_5.5-UAT_860_13_9_1_CONTRACT PRINT - 6560_EXISTING_52.28571429_2-HIGH_CODING",2,1,0,0,0,0,0,0,0,1,0,1,0,0,0,1,0,0,0,0,0,0,0,1,0,0,0,6.75693238924755,2.56494935746154,2.19722457733622,0,3.95672318442802,0,0,0,0,1,0
"159","CONSOLIDATED DEFECTS DUMP Q2",3,"5.5-UAT",860,13,9,1,"CONTRACT PRINT - 6560",1,52.28571429,"2-HIGH","REQUIREMENTS","14","18",1,"CONSOLIDATED DEFECTS DUMP Q2_3_5.5-UAT_860_13_9_1_CONTRACT PRINT - 6560_EXISTING_52.28571429_2-HIGH_REQUIREMENTS",1,1,0,0,0,0,0,0,0,1,0,1,0,0,0,1,0,0,0,0,0,1,0,0,0,0,0,6.75693238924755,2.56494935746154,2.19722457733622,0,3.95672318442802,0,0,0,0,1,0
"160","CONSOLIDATED DEFECTS DUMP Q2",3,"5.5-UAT",860,13,9,1,"CONTRACT PRINT - 6560",1,52.28571429,"2-HIGH","TESTING","14","19",1,"CONSOLIDATED DEFECTS DUMP Q2_3_5.5-UAT_860_13_9_1_CONTRACT PRINT - 6560_EXISTING_52.28571429_2-HIGH_TESTING",1,1,0,0,0,0,0,0,0,1,0,1,0,0,0,1,0,0,0,0,1,0,0,0,0,0,0,6.75693238924755,2.56494935746154,2.19722457733622,0,3.95672318442802,0,0,0,0,1,0
"161","CONSOLIDATED DEFECTS DUMP Q2",3,"5.5-UAT",950,13,9,1,"ID COMP WEB PORTAL - 7091",1,52.28571429,"2-HIGH","CODING","14","13",1,"CONSOLIDATED DEFECTS DUMP Q2_3_5.5-UAT_950_13_9_1_ID COMP WEB PORTAL - 7091_EXISTING_52.28571429_2-HIGH_CODING",1,1,0,0,0,0,0,0,0,1,0,1,0,0,0,0,1,0,0,0,0,0,0,1,0,0,0,6.85646198459459,2.56494935746154,2.19722457733622,0,3.95672318442802,0,0,0,0,1,0
"162","CONSOLIDATED DEFECTS DUMP Q2",3,"5.5-UAT",950,13,9,1,"ID COMP WEB PORTAL - 7091",1,52.28571429,"2-HIGH","CODING","14","17",1,"CONSOLIDATED DEFECTS DUMP Q2_3_5.5-UAT_950_13_9_1_ID COMP WEB PORTAL - 7091_EXISTING_52.28571429_2-HIGH_CODING",2,1,0,0,0,0,0,0,0,1,0,1,0,0,0,0,1,0,0,0,0,0,0,1,0,0,0,6.85646198459459,2.56494935746154,2.19722457733622,0,3.95672318442802,0,0,0,0,1,0
"163","CONSOLIDATED DEFECTS DUMP Q2",3,"5.5-UAT",950,13,9,1,"ID COMP WEB PORTAL - 7091",1,52.28571429,"2-HIGH","TESTING","14","13",1,"CONSOLIDATED DEFECTS DUMP Q2_3_5.5-UAT_950_13_9_1_ID COMP WEB PORTAL - 7091_EXISTING_52.28571429_2-HIGH_TESTING",1,1,0,0,0,0,0,0,0,1,0,1,0,0,0,0,1,0,0,0,1,0,0,0,0,0,0,6.85646198459459,2.56494935746154,2.19722457733622,0,3.95672318442802,0,0,0,0,1,0
"164","CONSOLIDATED DEFECTS DUMP Q2",3,"5.5-UAT",980,13,9,1,"EOPS - 2597",1,52.28571429,"1-CRITICAL","CODING","14","22",2,"CONSOLIDATED DEFECTS DUMP Q2_3_5.5-UAT_980_13_9_1_EOPS - 2597_EXISTING_52.28571429_1-CRITICAL_CODING",1,1,0,0,0,0,0,0,0,1,0,0,0,1,0,0,0,1,0,0,0,0,0,1,0,0,0,6.88755257166462,2.56494935746154,2.19722457733622,0,3.95672318442802,0,0,0,0,1,0.5
"165","CONSOLIDATED DEFECTS DUMP Q2",3,"5.5-UAT",980,13,9,1,"EOPS - 2597",1,52.28571429,"2-HIGH","CODING","14","16",1,"CONSOLIDATED DEFECTS DUMP Q2_3_5.5-UAT_980_13_9_1_EOPS - 2597_EXISTING_52.28571429_2-HIGH_CODING",1,1,0,0,0,0,0,0,0,1,0,1,0,0,0,0,0,1,0,0,0,0,0,1,0,0,0,6.88755257166462,2.56494935746154,2.19722457733622,0,3.95672318442802,0,0,0,0,1,0
"166","CONSOLIDATED DEFECTS DUMP Q2",3,"5.5-UAT",980,13,9,1,"EOPS - 2597",1,52.28571429,"2-HIGH","CODING","14","17",1,"CONSOLIDATED DEFECTS DUMP Q2_3_5.5-UAT_980_13_9_1_EOPS - 2597_EXISTING_52.28571429_2-HIGH_CODING",2,1,0,0,0,0,0,0,0,1,0,1,0,0,0,0,0,1,0,0,0,0,0,1,0,0,0,6.88755257166462,2.56494935746154,2.19722457733622,0,3.95672318442802,0,0,0,0,1,0
"167","CONSOLIDATED DEFECTS DUMP Q2",3,"5.5-UAT",980,13,9,1,"EOPS - 2597",1,52.28571429,"2-HIGH","NON-CLASSIFIED","14","15",1,"CONSOLIDATED DEFECTS DUMP Q2_3_5.5-UAT_980_13_9_1_EOPS - 2597_EXISTING_52.28571429_2-HIGH_NON-CLASSIFIED",1,1,0,0,0,0,0,0,0,1,0,1,0,0,0,0,0,1,0,1,0,0,0,0,0,0,0,6.88755257166462,2.56494935746154,2.19722457733622,0,3.95672318442802,0,0,0,0,1,0
"168","CONSOLIDATED DEFECTS DUMP Q2",3,"5.5-UAT",980,13,9,1,"EOPS - 2597",1,52.28571429,"2-HIGH","NON-CLASSIFIED","14","24",1,"CONSOLIDATED DEFECTS DUMP Q2_3_5.5-UAT_980_13_9_1_EOPS - 2597_EXISTING_52.28571429_2-HIGH_NON-CLASSIFIED",2,1,0,0,0,0,0,0,0,1,0,1,0,0,0,0,0,1,0,1,0,0,0,0,0,0,0,6.88755257166462,2.56494935746154,2.19722457733622,0,3.95672318442802,0,0,0,0,1,0
"169","CONSOLIDATED DEFECTS DUMP Q2",3,"5.5-UAT",980,13,9,1,"EOPS - 2597",1,52.28571429,"2-HIGH","REQUIREMENTS","14","14",4,"CONSOLIDATED DEFECTS DUMP Q2_3_5.5-UAT_980_13_9_1_EOPS - 2597_EXISTING_52.28571429_2-HIGH_REQUIREMENTS",1,1,0,0,0,0,0,0,0,1,0,1,0,0,0,0,0,1,0,0,0,1,0,0,0,0,0,6.88755257166462,2.56494935746154,2.19722457733622,0,3.95672318442802,0,0,0,0,1,0.75
"170","CONSOLIDATED DEFECTS DUMP Q2",3,"5.5-UAT",980,13,9,1,"EOPS - 2597",1,52.28571429,"2-HIGH","REQUIREMENTS","14","15",2,"CONSOLIDATED DEFECTS DUMP Q2_3_5.5-UAT_980_13_9_1_EOPS - 2597_EXISTING_52.28571429_2-HIGH_REQUIREMENTS",2,1,0,0,0,0,0,0,0,1,0,1,0,0,0,0,0,1,0,0,0,1,0,0,0,0,0,6.88755257166462,2.56494935746154,2.19722457733622,0,3.95672318442802,0,0,0,0,1,0.5
"171","CONSOLIDATED DEFECTS DUMP Q2",3,"5.5-UAT",980,13,9,1,"EOPS - 2597",1,52.28571429,"2-HIGH","REQUIREMENTS","14","16",1,"CONSOLIDATED DEFECTS DUMP Q2_3_5.5-UAT_980_13_9_1_EOPS - 2597_EXISTING_52.28571429_2-HIGH_REQUIREMENTS",3,1,0,0,0,0,0,0,0,1,0,1,0,0,0,0,0,1,0,0,0,1,0,0,0,0,0,6.88755257166462,2.56494935746154,2.19722457733622,0,3.95672318442802,0,0,0,0,1,0
"172","CONSOLIDATED DEFECTS DUMP Q2",3,"5.5-UAT",980,13,9,1,"EOPS - 2597",1,52.28571429,"2-HIGH","TESTING","14","15",1,"CONSOLIDATED DEFECTS DUMP Q2_3_5.5-UAT_980_13_9_1_EOPS - 2597_EXISTING_52.28571429_2-HIGH_TESTING",1,1,0,0,0,0,0,0,0,1,0,1,0,0,0,0,0,1,0,0,1,0,0,0,0,0,0,6.88755257166462,2.56494935746154,2.19722457733622,0,3.95672318442802,0,0,0,0,1,0
"173","CONSOLIDATED DEFECTS DUMP Q2",3,"5.5-UAT",980,13,9,1,"EOPS - 2597",1,52.28571429,"3-MEDIUM","CODING","14","16",2,"CONSOLIDATED DEFECTS DUMP Q2_3_5.5-UAT_980_13_9_1_EOPS - 2597_EXISTING_52.28571429_3-MEDIUM_CODING",1,1,0,0,0,0,0,0,0,1,0,0,1,0,0,0,0,1,0,0,0,0,0,1,0,0,0,6.88755257166462,2.56494935746154,2.19722457733622,0,3.95672318442802,0,0,0,0,1,0.5
"174","CONSOLIDATED DEFECTS DUMP Q2",3,"5.5-UAT",980,13,9,1,"EOPS - 2597",1,52.28571429,"3-MEDIUM","CODING","14","17",2,"CONSOLIDATED DEFECTS DUMP Q2_3_5.5-UAT_980_13_9_1_EOPS - 2597_EXISTING_52.28571429_3-MEDIUM_CODING",2,1,0,0,0,0,0,0,0,1,0,0,1,0,0,0,0,1,0,0,0,0,0,1,0,0,0,6.88755257166462,2.56494935746154,2.19722457733622,0,3.95672318442802,0,0,0,0,1,0.5
"175","CONSOLIDATED DEFECTS DUMP Q2",3,"5.5-UAT",980,13,9,1,"EOPS - 2597",1,52.28571429,"3-MEDIUM","CODING","14","18",2,"CONSOLIDATED DEFECTS DUMP Q2_3_5.5-UAT_980_13_9_1_EOPS - 2597_EXISTING_52.28571429_3-MEDIUM_CODING",3,1,0,0,0,0,0,0,0,1,0,0,1,0,0,0,0,1,0,0,0,0,0,1,0,0,0,6.88755257166462,2.56494935746154,2.19722457733622,0,3.95672318442802,0,0,0,0,1,0.5
"176","CONSOLIDATED DEFECTS DUMP Q2",3,"5.5-UAT",980,13,9,1,"EOPS - 2597",1,52.28571429,"3-MEDIUM","DATA","14","14",2,"CONSOLIDATED DEFECTS DUMP Q2_3_5.5-UAT_980_13_9_1_EOPS - 2597_EXISTING_52.28571429_3-MEDIUM_DATA",1,1,0,0,0,0,0,0,0,1,0,0,1,0,0,0,0,1,0,0,0,0,0,0,0,1,0,6.88755257166462,2.56494935746154,2.19722457733622,0,3.95672318442802,0,0,0,0,1,0.5
"177","CONSOLIDATED DEFECTS DUMP Q2",3,"5.5-UAT",980,13,9,1,"EOPS - 2597",1,52.28571429,"3-MEDIUM","REQUIREMENTS","14","16",2,"CONSOLIDATED DEFECTS DUMP Q2_3_5.5-UAT_980_13_9_1_EOPS - 2597_EXISTING_52.28571429_3-MEDIUM_REQUIREMENTS",1,1,0,0,0,0,0,0,0,1,0,0,1,0,0,0,0,1,0,0,0,1,0,0,0,0,0,6.88755257166462,2.56494935746154,2.19722457733622,0,3.95672318442802,0,0,0,0,1,0.5
"178","CONSOLIDATED DEFECTS DUMP Q2",3,"5.5-UAT",980,13,9,1,"EOPS - 2597",1,52.28571429,"3-MEDIUM","REQUIREMENTS","14","17",2,"CONSOLIDATED DEFECTS DUMP Q2_3_5.5-UAT_980_13_9_1_EOPS - 2597_EXISTING_52.28571429_3-MEDIUM_REQUIREMENTS",2,1,0,0,0,0,0,0,0,1,0,0,1,0,0,0,0,1,0,0,0,1,0,0,0,0,0,6.88755257166462,2.56494935746154,2.19722457733622,0,3.95672318442802,0,0,0,0,1,0.5
"179","CONSOLIDATED DEFECTS DUMP Q2",3,"5.5-UAT",980,13,9,1,"EOPS - 2597",1,52.28571429,"3-MEDIUM","TESTING","14","18",1,"CONSOLIDATED DEFECTS DUMP Q2_3_5.5-UAT_980_13_9_1_EOPS - 2597_EXISTING_52.28571429_3-MEDIUM_TESTING",1,1,0,0,0,0,0,0,0,1,0,0,1,0,0,0,0,1,0,0,1,0,0,0,0,0,0,6.88755257166462,2.56494935746154,2.19722457733622,0,3.95672318442802,0,0,0,0,1,0
"180","CONSOLIDATED DEFECTS DUMP Q2",3,"5.5-UAT",980,13,9,1,"EOPS - 2597",1,52.28571429,"4-LOW","REQUIREMENTS","14","17",2,"CONSOLIDATED DEFECTS DUMP Q2_3_5.5-UAT_980_13_9_1_EOPS - 2597_EXISTING_52.28571429_4-LOW_REQUIREMENTS",1,1,0,0,0,0,0,0,0,1,0,0,0,0,1,0,0,1,0,0,0,1,0,0,0,0,0,6.88755257166462,2.56494935746154,2.19722457733622,0,3.95672318442802,0,0,0,0,1,0.5
"181","CONSOLIDATED DEFECTS DUMP Q2",3,"6-POST-DEPLOYMENT",860,11,4,1,"CONTRACT PRINT - 6560",1,52.28571429,"2-HIGH","NON-CLASSIFIED","14","23",1,"CONSOLIDATED DEFECTS DUMP Q2_3_6-POST-DEPLOYMENT_860_11_4_1_CONTRACT PRINT - 6560_EXISTING_52.28571429_2-HIGH_NON-CLASSIFIED",1,1,0,0,0,0,0,0,0,0,1,1,0,0,0,1,0,0,0,1,0,0,0,0,0,0,0,6.75693238924755,2.39789527279837,1.38629436111989,0,3.95672318442802,0,0,0,0,1,0
"182","CONSOLIDATED DEFECTS DUMP Q2",3,"6-POST-DEPLOYMENT",860,11,4,1,"CONTRACT PRINT - 6560",1,52.28571429,"3-MEDIUM","REQUIREMENTS","14","17",1,"CONSOLIDATED DEFECTS DUMP Q2_3_6-POST-DEPLOYMENT_860_11_4_1_CONTRACT PRINT - 6560_EXISTING_52.28571429_3-MEDIUM_REQUIREMENTS",1,1,0,0,0,0,0,0,0,0,1,0,1,0,0,1,0,0,0,0,0,1,0,0,0,0,0,6.75693238924755,2.39789527279837,1.38629436111989,0,3.95672318442802,0,0,0,0,1,0
"183","CONSOLIDATED DEFECTS DUMP Q2",3,"6-POST-DEPLOYMENT",980,11,4,1,"EOPS - 2597",1,52.28571429,"1-CRITICAL","REQUIREMENTS","14","17",1,"CONSOLIDATED DEFECTS DUMP Q2_3_6-POST-DEPLOYMENT_980_11_4_1_EOPS - 2597_EXISTING_52.28571429_1-CRITICAL_REQUIREMENTS",1,1,0,0,0,0,0,0,0,0,1,0,0,1,0,0,0,1,0,0,0,1,0,0,0,0,0,6.88755257166462,2.39789527279837,1.38629436111989,0,3.95672318442802,0,0,0,0,1,0
"184","CONSOLIDATED DEFECTS DUMP Q2",3,"6-POST-DEPLOYMENT",980,11,4,1,"EOPS - 2597",1,52.28571429,"2-HIGH","REQUIREMENTS","14","17",1,"CONSOLIDATED DEFECTS DUMP Q2_3_6-POST-DEPLOYMENT_980_11_4_1_EOPS - 2597_EXISTING_52.28571429_2-HIGH_REQUIREMENTS",1,1,0,0,0,0,0,0,0,0,1,1,0,0,0,0,0,1,0,0,0,1,0,0,0,0,0,6.88755257166462,2.39789527279837,1.38629436111989,0,3.95672318442802,0,0,0,0,1,0
"185","CONSOLIDATED DEFECTS DUMP Q2",3,"6-POST-DEPLOYMENT",980,11,4,1,"EOPS - 2597",1,52.28571429,"2-HIGH","REQUIREMENTS","14","18",1,"CONSOLIDATED DEFECTS DUMP Q2_3_6-POST-DEPLOYMENT_980_11_4_1_EOPS - 2597_EXISTING_52.28571429_2-HIGH_REQUIREMENTS",2,1,0,0,0,0,0,0,0,0,1,1,0,0,0,0,0,1,0,0,0,1,0,0,0,0,0,6.88755257166462,2.39789527279837,1.38629436111989,0,3.95672318442802,0,0,0,0,1,0
"186","CONSOLIDATED DEFECTS DUMP Q2",3,"6-POST-DEPLOYMENT",980,11,4,1,"EOPS - 2597",1,52.28571429,"2-HIGH","REQUIREMENTS","14","19",1,"CONSOLIDATED DEFECTS DUMP Q2_3_6-POST-DEPLOYMENT_980_11_4_1_EOPS - 2597_EXISTING_52.28571429_2-HIGH_REQUIREMENTS",3,1,0,0,0,0,0,0,0,0,1,1,0,0,0,0,0,1,0,0,0,1,0,0,0,0,0,6.88755257166462,2.39789527279837,1.38629436111989,0,3.95672318442802,0,0,0,0,1,0
"187","CONSOLIDATED DEFECTS DUMP Q2",3,"6-POST-DEPLOYMENT",980,11,4,1,"EOPS - 2597",1,52.28571429,"2-HIGH","TESTING","14","17",1,"CONSOLIDATED DEFECTS DUMP Q2_3_6-POST-DEPLOYMENT_980_11_4_1_EOPS - 2597_EXISTING_52.28571429_2-HIGH_TESTING",1,1,0,0,0,0,0,0,0,0,1,1,0,0,0,0,0,1,0,0,1,0,0,0,0,0,0,6.88755257166462,2.39789527279837,1.38629436111989,0,3.95672318442802,0,0,0,0,1,0
"188","CONSOLIDATED DEFECTS DUMP Q2",3,"6-POST-DEPLOYMENT",980,11,4,1,"EOPS - 2597",1,52.28571429,"3-MEDIUM","NON-CLASSIFIED","14","22",1,"CONSOLIDATED DEFECTS DUMP Q2_3_6-POST-DEPLOYMENT_980_11_4_1_EOPS - 2597_EXISTING_52.28571429_3-MEDIUM_NON-CLASSIFIED",1,1,0,0,0,0,0,0,0,0,1,0,1,0,0,0,0,1,0,1,0,0,0,0,0,0,0,6.88755257166462,2.39789527279837,1.38629436111989,0,3.95672318442802,0,0,0,0,1,0
"189","CONSOLIDATED DEFECTS DUMP Q2",3,"6-POST-DEPLOYMENT",980,11,4,1,"EOPS - 2597",1,52.28571429,"3-MEDIUM","TESTING","14","23",1,"CONSOLIDATED DEFECTS DUMP Q2_3_6-POST-DEPLOYMENT_980_11_4_1_EOPS - 2597_EXISTING_52.28571429_3-MEDIUM_TESTING",1,1,0,0,0,0,0,0,0,0,1,0,1,0,0,0,0,1,0,0,1,0,0,0,0,0,0,6.88755257166462,2.39789527279837,1.38629436111989,0,3.95672318442802,0,0,0,0,1,0
"190","TAM RELEASE 5",3,"2-ANALYSIS",310,7,4,2,"TAM - WEB APP - 7981",1,52.28571429,"1-CRITICAL","NON-CLASSIFIED","13","34",1,"TAM RELEASE 5_3_2-ANALYSIS_310_7_4_2_TAM - WEB APP - 7981_EXISTING_52.28571429_1-CRITICAL_NON-CLASSIFIED",1,0,1,1,0,0,0,0,0,0,0,0,0,1,0,0,0,0,1,1,0,0,0,0,0,0,0,5.73657229747919,1.94591014905531,1.38629436111989,0.693147180559945,3.95672318442802,0,0,0,0,1,0
"191","TAM RELEASE 5",3,"2-ANALYSIS",310,7,4,2,"TAM - WEB APP - 7981",1,52.28571429,"4-LOW","NON-CLASSIFIED","13","34",10,"TAM RELEASE 5_3_2-ANALYSIS_310_7_4_2_TAM - WEB APP - 7981_EXISTING_52.28571429_4-LOW_NON-CLASSIFIED",1,0,1,1,0,0,0,0,0,0,0,0,0,0,1,0,0,0,1,1,0,0,0,0,0,0,0,5.73657229747919,1.94591014905531,1.38629436111989,0.693147180559945,3.95672318442802,0,0,0,0,1,0.9
"192","TAM RELEASE 5",3,"2-ANALYSIS",310,7,4,2,"TAM - WEB APP - 7981",1,52.28571429,"4-LOW","REQUIREMENTS","13","19",1,"TAM RELEASE 5_3_2-ANALYSIS_310_7_4_2_TAM - WEB APP - 7981_EXISTING_52.28571429_4-LOW_REQUIREMENTS",1,0,1,1,0,0,0,0,0,0,0,0,0,0,1,0,0,0,1,0,0,1,0,0,0,0,0,5.73657229747919,1.94591014905531,1.38629436111989,0.693147180559945,3.95672318442802,0,0,0,0,1,0
"193","TAM RELEASE 5",3,"2-ANALYSIS",310,7,4,2,"TAM - WEB APP - 7981",1,52.28571429,"4-LOW","TESTING","13","34",1,"TAM RELEASE 5_3_2-ANALYSIS_310_7_4_2_TAM - WEB APP - 7981_EXISTING_52.28571429_4-LOW_TESTING",1,0,1,1,0,0,0,0,0,0,0,0,0,0,1,0,0,0,1,0,1,0,0,0,0,0,0,5.73657229747919,1.94591014905531,1.38629436111989,0.693147180559945,3.95672318442802,0,0,0,0,1,0
"194","TAM RELEASE 5",3,"3-DESIGN",310,7,4,2,"TAM - WEB APP - 7981",1,52.28571429,"2-HIGH","CODING","13","18",1,"TAM RELEASE 5_3_3-DESIGN_310_7_4_2_TAM - WEB APP - 7981_EXISTING_52.28571429_2-HIGH_CODING",1,0,1,0,1,0,0,0,0,0,0,1,0,0,0,0,0,0,1,0,0,0,0,1,0,0,0,5.73657229747919,1.94591014905531,1.38629436111989,0.693147180559945,3.95672318442802,0,0,0,0,1,0
"195","TAM RELEASE 5",3,"3-DESIGN",310,7,4,2,"TAM - WEB APP - 7981",1,52.28571429,"3-MEDIUM","DATA","13","18",1,"TAM RELEASE 5_3_3-DESIGN_310_7_4_2_TAM - WEB APP - 7981_EXISTING_52.28571429_3-MEDIUM_DATA",1,0,1,0,1,0,0,0,0,0,0,0,1,0,0,0,0,0,1,0,0,0,0,0,0,1,0,5.73657229747919,1.94591014905531,1.38629436111989,0.693147180559945,3.95672318442802,0,0,0,0,1,0
"196","TAM RELEASE 5",3,"5.2-FUNCTIONAL",310,7,4,2,"TAM - WEB APP - 7981",1,52.28571429,"2-HIGH","CODING","13","29",1,"TAM RELEASE 5_3_5.2-FUNCTIONAL_310_7_4_2_TAM - WEB APP - 7981_EXISTING_52.28571429_2-HIGH_CODING",1,0,1,0,0,0,1,0,0,0,0,1,0,0,0,0,0,0,1,0,0,0,0,1,0,0,0,5.73657229747919,1.94591014905531,1.38629436111989,0.693147180559945,3.95672318442802,0,0,0,0,1,0
"197","TAM RELEASE 5",3,"5.2-FUNCTIONAL",310,7,4,2,"TAM - WEB APP - 7981",1,52.28571429,"2-HIGH","ENVIRONMENT","13","26",1,"TAM RELEASE 5_3_5.2-FUNCTIONAL_310_7_4_2_TAM - WEB APP - 7981_EXISTING_52.28571429_2-HIGH_ENVIRONMENT",1,0,1,0,0,0,1,0,0,0,0,1,0,0,0,0,0,0,1,0,0,0,0,0,1,0,0,5.73657229747919,1.94591014905531,1.38629436111989,0.693147180559945,3.95672318442802,0,0,0,0,1,0
"198","TAM RELEASE 5",3,"5.2-FUNCTIONAL",310,7,4,2,"TAM - WEB APP - 7981",1,52.28571429,"3-MEDIUM","CODING","13","26",3,"TAM RELEASE 5_3_5.2-FUNCTIONAL_310_7_4_2_TAM - WEB APP - 7981_EXISTING_52.28571429_3-MEDIUM_CODING",1,0,1,0,0,0,1,0,0,0,0,0,1,0,0,0,0,0,1,0,0,0,0,1,0,0,0,5.73657229747919,1.94591014905531,1.38629436111989,0.693147180559945,3.95672318442802,0,0,0,0,1,0.666666666666667
"199","TAM RELEASE 5",3,"5.2-FUNCTIONAL",310,7,4,2,"TAM - WEB APP - 7981",1,52.28571429,"3-MEDIUM","CODING","13","27",1,"TAM RELEASE 5_3_5.2-FUNCTIONAL_310_7_4_2_TAM - WEB APP - 7981_EXISTING_52.28571429_3-MEDIUM_CODING",2,0,1,0,0,0,1,0,0,0,0,0,1,0,0,0,0,0,1,0,0,0,0,1,0,0,0,5.73657229747919,1.94591014905531,1.38629436111989,0.693147180559945,3.95672318442802,0,0,0,0,1,0
"200","TAM RELEASE 5",3,"5.2-FUNCTIONAL",310,7,4,2,"TAM - WEB APP - 7981",1,52.28571429,"3-MEDIUM","CODING","13","28",7,"TAM RELEASE 5_3_5.2-FUNCTIONAL_310_7_4_2_TAM - WEB APP - 7981_EXISTING_52.28571429_3-MEDIUM_CODING",3,0,1,0,0,0,1,0,0,0,0,0,1,0,0,0,0,0,1,0,0,0,0,1,0,0,0,5.73657229747919,1.94591014905531,1.38629436111989,0.693147180559945,3.95672318442802,0,0,0,0,2,0.714285714285714
"201","TAM RELEASE 5",3,"5.2-FUNCTIONAL",310,7,4,2,"TAM - WEB APP - 7981",1,52.28571429,"3-MEDIUM","DATA","13","26",1,"TAM RELEASE 5_3_5.2-FUNCTIONAL_310_7_4_2_TAM - WEB APP - 7981_EXISTING_52.28571429_3-MEDIUM_DATA",1,0,1,0,0,0,1,0,0,0,0,0,1,0,0,0,0,0,1,0,0,0,0,0,0,1,0,5.73657229747919,1.94591014905531,1.38629436111989,0.693147180559945,3.95672318442802,0,0,0,0,1,0
"202","TAM RELEASE 5",3,"5.2-FUNCTIONAL",310,7,4,2,"TAM - WEB APP - 7981",1,52.28571429,"3-MEDIUM","DATA","13","29",1,"TAM RELEASE 5_3_5.2-FUNCTIONAL_310_7_4_2_TAM - WEB APP - 7981_EXISTING_52.28571429_3-MEDIUM_DATA",2,0,1,0,0,0,1,0,0,0,0,0,1,0,0,0,0,0,1,0,0,0,0,0,0,1,0,5.73657229747919,1.94591014905531,1.38629436111989,0.693147180559945,3.95672318442802,0,0,0,0,1,0
"203","TAM RELEASE 5",3,"5.2-FUNCTIONAL",310,7,4,2,"TAM - WEB APP - 7981",1,52.28571429,"3-MEDIUM","REQUIREMENTS","13","27",2,"TAM RELEASE 5_3_5.2-FUNCTIONAL_310_7_4_2_TAM - WEB APP - 7981_EXISTING_52.28571429_3-MEDIUM_REQUIREMENTS",1,0,1,0,0,0,1,0,0,0,0,0,1,0,0,0,0,0,1,0,0,1,0,0,0,0,0,5.73657229747919,1.94591014905531,1.38629436111989,0.693147180559945,3.95672318442802,0,0,0,0,1,0.5
"204","TAM RELEASE 5",3,"5.2-FUNCTIONAL",310,7,4,2,"TAM - WEB APP - 7981",1,52.28571429,"3-MEDIUM","TESTING","13","27",1,"TAM RELEASE 5_3_5.2-FUNCTIONAL_310_7_4_2_TAM - WEB APP - 7981_EXISTING_52.28571429_3-MEDIUM_TESTING",1,0,1,0,0,0,1,0,0,0,0,0,1,0,0,0,0,0,1,0,1,0,0,0,0,0,0,5.73657229747919,1.94591014905531,1.38629436111989,0.693147180559945,3.95672318442802,0,0,0,0,1,0
"205","TAM RELEASE 5",3,"5.2-FUNCTIONAL",310,7,4,2,"TAM - WEB APP - 7981",1,52.28571429,"3-MEDIUM","TESTING","13","28",8,"TAM RELEASE 5_3_5.2-FUNCTIONAL_310_7_4_2_TAM - WEB APP - 7981_EXISTING_52.28571429_3-MEDIUM_TESTING",2,0,1,0,0,0,1,0,0,0,0,0,1,0,0,0,0,0,1,0,1,0,0,0,0,0,0,5.73657229747919,1.94591014905531,1.38629436111989,0.693147180559945,3.95672318442802,0,0,0,0,1,0.875
"206","TAM RELEASE 5",3,"5.2-FUNCTIONAL",310,7,4,2,"TAM - WEB APP - 7981",1,52.28571429,"3-MEDIUM","TESTING","13","29",1,"TAM RELEASE 5_3_5.2-FUNCTIONAL_310_7_4_2_TAM - WEB APP - 7981_EXISTING_52.28571429_3-MEDIUM_TESTING",3,0,1,0,0,0,1,0,0,0,0,0,1,0,0,0,0,0,1,0,1,0,0,0,0,0,0,5.73657229747919,1.94591014905531,1.38629436111989,0.693147180559945,3.95672318442802,0,0,0,0,2,1
"207","TAM RELEASE 5",3,"5.2-FUNCTIONAL",310,7,4,2,"TAM - WEB APP - 7981",1,52.28571429,"3-MEDIUM","TESTING","13","30",2,"TAM RELEASE 5_3_5.2-FUNCTIONAL_310_7_4_2_TAM - WEB APP - 7981_EXISTING_52.28571429_3-MEDIUM_TESTING",4,0,1,0,0,0,1,0,0,0,0,0,1,0,0,0,0,0,1,0,1,0,0,0,0,0,0,5.73657229747919,1.94591014905531,1.38629436111989,0.693147180559945,3.95672318442802,0,0,0,0,2,0
"208","TAM RELEASE 5",3,"5.2-FUNCTIONAL",310,7,4,2,"TAM - WEB APP - 7981",1,52.28571429,"4-LOW","ENVIRONMENT","13","26",1,"TAM RELEASE 5_3_5.2-FUNCTIONAL_310_7_4_2_TAM - WEB APP - 7981_EXISTING_52.28571429_4-LOW_ENVIRONMENT",1,0,1,0,0,0,1,0,0,0,0,0,0,0,1,0,0,0,1,0,0,0,0,0,1,0,0,5.73657229747919,1.94591014905531,1.38629436111989,0.693147180559945,3.95672318442802,0,0,0,0,1,0
"209","TAM RELEASE 5",3,"5.2-FUNCTIONAL",310,7,4,2,"TAM - WEB APP - 7981",1,52.28571429,"4-LOW","TESTING","13","26",1,"TAM RELEASE 5_3_5.2-FUNCTIONAL_310_7_4_2_TAM - WEB APP - 7981_EXISTING_52.28571429_4-LOW_TESTING",1,0,1,0,0,0,1,0,0,0,0,0,0,0,1,0,0,0,1,0,1,0,0,0,0,0,0,5.73657229747919,1.94591014905531,1.38629436111989,0.693147180559945,3.95672318442802,0,0,0,0,1,0
"210","TAM RELEASE 5",3,"5.4-REGRESSION",310,7,4,2,"TAM - WEB APP - 7981",1,52.28571429,"3-MEDIUM","CODING","13","29",2,"TAM RELEASE 5_3_5.4-REGRESSION_310_7_4_2_TAM - WEB APP - 7981_EXISTING_52.28571429_3-MEDIUM_CODING",1,0,1,0,0,0,0,0,1,0,0,0,1,0,0,0,0,0,1,0,0,0,0,1,0,0,0,5.73657229747919,1.94591014905531,1.38629436111989,0.693147180559945,3.95672318442802,0,0,0,0,1,0.5
"211","TAM RELEASE 5",3,"5.4-REGRESSION",310,7,4,2,"TAM - WEB APP - 7981",1,52.28571429,"4-LOW","TESTING","13","29",1,"TAM RELEASE 5_3_5.4-REGRESSION_310_7_4_2_TAM - WEB APP - 7981_EXISTING_52.28571429_4-LOW_TESTING",1,0,1,0,0,0,0,0,1,0,0,0,0,0,1,0,0,0,1,0,1,0,0,0,0,0,0,5.73657229747919,1.94591014905531,1.38629436111989,0.693147180559945,3.95672318442802,0,0,0,0,1,0
"212","TAM RELEASE 5",3,"5.5-UAT",310,7,4,1,"TAM - WEB APP - 7981",1,52.28571429,"2-HIGH","CODING","13","26",3,"TAM RELEASE 5_3_5.5-UAT_310_7_4_1_TAM - WEB APP - 7981_EXISTING_52.28571429_2-HIGH_CODING",1,0,1,0,0,0,0,0,0,1,0,1,0,0,0,0,0,0,1,0,0,0,0,1,0,0,0,5.73657229747919,1.94591014905531,1.38629436111989,0,3.95672318442802,0,0,0,0,1,0.666666666666667
"213","TAM RELEASE 5",3,"5.5-UAT",310,7,4,1,"TAM - WEB APP - 7981",1,52.28571429,"2-HIGH","CODING","13","27",1,"TAM RELEASE 5_3_5.5-UAT_310_7_4_1_TAM - WEB APP - 7981_EXISTING_52.28571429_2-HIGH_CODING",2,0,1,0,0,0,0,0,0,1,0,1,0,0,0,0,0,0,1,0,0,0,0,1,0,0,0,5.73657229747919,1.94591014905531,1.38629436111989,0,3.95672318442802,0,0,0,0,1,0
"214","TAM RELEASE 5",3,"5.5-UAT",310,7,4,1,"TAM - WEB APP - 7981",1,52.28571429,"2-HIGH","CODING","13","28",2,"TAM RELEASE 5_3_5.5-UAT_310_7_4_1_TAM - WEB APP - 7981_EXISTING_52.28571429_2-HIGH_CODING",3,0,1,0,0,0,0,0,0,1,0,1,0,0,0,0,0,0,1,0,0,0,0,1,0,0,0,5.73657229747919,1.94591014905531,1.38629436111989,0,3.95672318442802,0,0,0,0,1,0.5
"215","TAM RELEASE 5",3,"5.5-UAT",310,7,4,1,"TAM - WEB APP - 7981",1,52.28571429,"2-HIGH","CODING","13","29",2,"TAM RELEASE 5_3_5.5-UAT_310_7_4_1_TAM - WEB APP - 7981_EXISTING_52.28571429_2-HIGH_CODING",4,0,1,0,0,0,0,0,0,1,0,1,0,0,0,0,0,0,1,0,0,0,0,1,0,0,0,5.73657229747919,1.94591014905531,1.38629436111989,0,3.95672318442802,0,0,0,0,2,0
"216","TAM RELEASE 5",3,"5.5-UAT",310,7,4,1,"TAM - WEB APP - 7981",1,52.28571429,"2-HIGH","CODING","13","31",7,"TAM RELEASE 5_3_5.5-UAT_310_7_4_1_TAM - WEB APP - 7981_EXISTING_52.28571429_2-HIGH_CODING",5,0,1,0,0,0,0,0,0,1,0,1,0,0,0,0,0,0,1,0,0,0,0,1,0,0,0,5.73657229747919,1.94591014905531,1.38629436111989,0,3.95672318442802,0,0,0,0,2,0.714285714285714
"217","TAM RELEASE 5",3,"5.5-UAT",310,7,4,1,"TAM - WEB APP - 7981",1,52.28571429,"2-HIGH","CODING","13","32",1,"TAM RELEASE 5_3_5.5-UAT_310_7_4_1_TAM - WEB APP - 7981_EXISTING_52.28571429_2-HIGH_CODING",6,0,1,0,0,0,0,0,0,1,0,1,0,0,0,0,0,0,1,0,0,0,0,1,0,0,0,5.73657229747919,1.94591014905531,1.38629436111989,0,3.95672318442802,0,0,0,0,2,1
"218","TAM RELEASE 5",3,"5.5-UAT",310,7,4,1,"TAM - WEB APP - 7981",1,52.28571429,"2-HIGH","DATA","13","25",1,"TAM RELEASE 5_3_5.5-UAT_310_7_4_1_TAM - WEB APP - 7981_EXISTING_52.28571429_2-HIGH_DATA",1,0,1,0,0,0,0,0,0,1,0,1,0,0,0,0,0,0,1,0,0,0,0,0,0,1,0,5.73657229747919,1.94591014905531,1.38629436111989,0,3.95672318442802,0,0,0,0,1,0
"219","TAM RELEASE 5",3,"5.5-UAT",310,7,4,1,"TAM - WEB APP - 7981",1,52.28571429,"2-HIGH","DATA","13","26",4,"TAM RELEASE 5_3_5.5-UAT_310_7_4_1_TAM - WEB APP - 7981_EXISTING_52.28571429_2-HIGH_DATA",2,0,1,0,0,0,0,0,0,1,0,1,0,0,0,0,0,0,1,0,0,0,0,0,0,1,0,5.73657229747919,1.94591014905531,1.38629436111989,0,3.95672318442802,0,0,0,0,1,0.75
"220","TAM RELEASE 5",3,"5.5-UAT",310,7,4,1,"TAM - WEB APP - 7981",1,52.28571429,"2-HIGH","DATA","13","28",1,"TAM RELEASE 5_3_5.5-UAT_310_7_4_1_TAM - WEB APP - 7981_EXISTING_52.28571429_2-HIGH_DATA",3,0,1,0,0,0,0,0,0,1,0,1,0,0,0,0,0,0,1,0,0,0,0,0,0,1,0,5.73657229747919,1.94591014905531,1.38629436111989,0,3.95672318442802,0,0,0,0,1,0
"221","TAM RELEASE 5",3,"5.5-UAT",310,7,4,1,"TAM - WEB APP - 7981",1,52.28571429,"2-HIGH","DATA","13","30",1,"TAM RELEASE 5_3_5.5-UAT_310_7_4_1_TAM - WEB APP - 7981_EXISTING_52.28571429_2-HIGH_DATA",4,0,1,0,0,0,0,0,0,1,0,1,0,0,0,0,0,0,1,0,0,0,0,0,0,1,0,5.73657229747919,1.94591014905531,1.38629436111989,0,3.95672318442802,0,0,0,0,1,0
"222","TAM RELEASE 5",3,"5.5-UAT",310,7,4,1,"TAM - WEB APP - 7981",1,52.28571429,"2-HIGH","DATA","13","32",1,"TAM RELEASE 5_3_5.5-UAT_310_7_4_1_TAM - WEB APP - 7981_EXISTING_52.28571429_2-HIGH_DATA",5,0,1,0,0,0,0,0,0,1,0,1,0,0,0,0,0,0,1,0,0,0,0,0,0,1,0,5.73657229747919,1.94591014905531,1.38629436111989,0,3.95672318442802,0,0,0,0,1,0
"223","TAM RELEASE 5",3,"5.5-UAT",310,7,4,1,"TAM - WEB APP - 7981",1,52.28571429,"2-HIGH","ENVIRONMENT","13","25",1,"TAM RELEASE 5_3_5.5-UAT_310_7_4_1_TAM - WEB APP - 7981_EXISTING_52.28571429_2-HIGH_ENVIRONMENT",1,0,1,0,0,0,0,0,0,1,0,1,0,0,0,0,0,0,1,0,0,0,0,0,1,0,0,5.73657229747919,1.94591014905531,1.38629436111989,0,3.95672318442802,0,0,0,0,1,0
"224","TAM RELEASE 5",3,"5.5-UAT",310,7,4,1,"TAM - WEB APP - 7981",1,52.28571429,"2-HIGH","ENVIRONMENT","13","26",1,"TAM RELEASE 5_3_5.5-UAT_310_7_4_1_TAM - WEB APP - 7981_EXISTING_52.28571429_2-HIGH_ENVIRONMENT",2,0,1,0,0,0,0,0,0,1,0,1,0,0,0,0,0,0,1,0,0,0,0,0,1,0,0,5.73657229747919,1.94591014905531,1.38629436111989,0,3.95672318442802,0,0,0,0,1,0
"225","TAM RELEASE 5",3,"5.5-UAT",310,7,4,1,"TAM - WEB APP - 7981",1,52.28571429,"2-HIGH","ENVIRONMENT","13","27",1,"TAM RELEASE 5_3_5.5-UAT_310_7_4_1_TAM - WEB APP - 7981_EXISTING_52.28571429_2-HIGH_ENVIRONMENT",3,0,1,0,0,0,0,0,0,1,0,1,0,0,0,0,0,0,1,0,0,0,0,0,1,0,0,5.73657229747919,1.94591014905531,1.38629436111989,0,3.95672318442802,0,0,0,0,1,0
"226","TAM RELEASE 5",3,"5.5-UAT",310,7,4,1,"TAM - WEB APP - 7981",1,52.28571429,"2-HIGH","ENVIRONMENT","13","30",2,"TAM RELEASE 5_3_5.5-UAT_310_7_4_1_TAM - WEB APP - 7981_EXISTING_52.28571429_2-HIGH_ENVIRONMENT",4,0,1,0,0,0,0,0,0,1,0,1,0,0,0,0,0,0,1,0,0,0,0,0,1,0,0,5.73657229747919,1.94591014905531,1.38629436111989,0,3.95672318442802,0,0,0,0,1,0.5
"227","TAM RELEASE 5",3,"5.5-UAT",310,7,4,1,"TAM - WEB APP - 7981",1,52.28571429,"2-HIGH","ENVIRONMENT","13","31",2,"TAM RELEASE 5_3_5.5-UAT_310_7_4_1_TAM - WEB APP - 7981_EXISTING_52.28571429_2-HIGH_ENVIRONMENT",5,0,1,0,0,0,0,0,0,1,0,1,0,0,0,0,0,0,1,0,0,0,0,0,1,0,0,5.73657229747919,1.94591014905531,1.38629436111989,0,3.95672318442802,0,0,0,0,1,0.5
"228","TAM RELEASE 5",3,"5.5-UAT",310,7,4,1,"TAM - WEB APP - 7981",1,52.28571429,"2-HIGH","REQUIREMENTS","13","26",1,"TAM RELEASE 5_3_5.5-UAT_310_7_4_1_TAM - WEB APP - 7981_EXISTING_52.28571429_2-HIGH_REQUIREMENTS",1,0,1,0,0,0,0,0,0,1,0,1,0,0,0,0,0,0,1,0,0,1,0,0,0,0,0,5.73657229747919,1.94591014905531,1.38629436111989,0,3.95672318442802,0,0,0,0,1,0
"229","TAM RELEASE 5",3,"5.5-UAT",310,7,4,1,"TAM - WEB APP - 7981",1,52.28571429,"2-HIGH","REQUIREMENTS","13","27",2,"TAM RELEASE 5_3_5.5-UAT_310_7_4_1_TAM - WEB APP - 7981_EXISTING_52.28571429_2-HIGH_REQUIREMENTS",2,0,1,0,0,0,0,0,0,1,0,1,0,0,0,0,0,0,1,0,0,1,0,0,0,0,0,5.73657229747919,1.94591014905531,1.38629436111989,0,3.95672318442802,0,0,0,0,1,0.5
"230","TAM RELEASE 5",3,"5.5-UAT",310,7,4,1,"TAM - WEB APP - 7981",1,52.28571429,"2-HIGH","REQUIREMENTS","13","32",2,"TAM RELEASE 5_3_5.5-UAT_310_7_4_1_TAM - WEB APP - 7981_EXISTING_52.28571429_2-HIGH_REQUIREMENTS",3,0,1,0,0,0,0,0,0,1,0,1,0,0,0,0,0,0,1,0,0,1,0,0,0,0,0,5.73657229747919,1.94591014905531,1.38629436111989,0,3.95672318442802,0,0,0,0,1,0.5
"231","TAM RELEASE 5",3,"5.5-UAT",310,7,4,1,"TAM - WEB APP - 7981",1,52.28571429,"2-HIGH","TESTING","13","26",1,"TAM RELEASE 5_3_5.5-UAT_310_7_4_1_TAM - WEB APP - 7981_EXISTING_52.28571429_2-HIGH_TESTING",1,0,1,0,0,0,0,0,0,1,0,1,0,0,0,0,0,0,1,0,1,0,0,0,0,0,0,5.73657229747919,1.94591014905531,1.38629436111989,0,3.95672318442802,0,0,0,0,1,0
"232","TAM RELEASE 5",3,"5.5-UAT",310,7,4,1,"TAM - WEB APP - 7981",1,52.28571429,"2-HIGH","TESTING","13","30",1,"TAM RELEASE 5_3_5.5-UAT_310_7_4_1_TAM - WEB APP - 7981_EXISTING_52.28571429_2-HIGH_TESTING",2,0,1,0,0,0,0,0,0,1,0,1,0,0,0,0,0,0,1,0,1,0,0,0,0,0,0,5.73657229747919,1.94591014905531,1.38629436111989,0,3.95672318442802,0,0,0,0,1,0
"233","TAM RELEASE 5",3,"5.5-UAT",310,7,4,1,"TAM - WEB APP - 7981",1,52.28571429,"2-HIGH","TESTING","13","32",1,"TAM RELEASE 5_3_5.5-UAT_310_7_4_1_TAM - WEB APP - 7981_EXISTING_52.28571429_2-HIGH_TESTING",3,0,1,0,0,0,0,0,0,1,0,1,0,0,0,0,0,0,1,0,1,0,0,0,0,0,0,5.73657229747919,1.94591014905531,1.38629436111989,0,3.95672318442802,0,0,0,0,1,0
"234","TAM RELEASE 5",3,"5.5-UAT",310,7,4,1,"TAM - WEB APP - 7981",1,52.28571429,"3-MEDIUM","CODING","13","27",1,"TAM RELEASE 5_3_5.5-UAT_310_7_4_1_TAM - WEB APP - 7981_EXISTING_52.28571429_3-MEDIUM_CODING",1,0,1,0,0,0,0,0,0,1,0,0,1,0,0,0,0,0,1,0,0,0,0,1,0,0,0,5.73657229747919,1.94591014905531,1.38629436111989,0,3.95672318442802,0,0,0,0,1,0
"235","TAM RELEASE 5",3,"5.5-UAT",310,7,4,1,"TAM - WEB APP - 7981",1,52.28571429,"3-MEDIUM","CODING","13","28",1,"TAM RELEASE 5_3_5.5-UAT_310_7_4_1_TAM - WEB APP - 7981_EXISTING_52.28571429_3-MEDIUM_CODING",2,0,1,0,0,0,0,0,0,1,0,0,1,0,0,0,0,0,1,0,0,0,0,1,0,0,0,5.73657229747919,1.94591014905531,1.38629436111989,0,3.95672318442802,0,0,0,0,1,0
"236","TAM RELEASE 5",3,"5.5-UAT",310,7,4,1,"TAM - WEB APP - 7981",1,52.28571429,"3-MEDIUM","CODING","13","29",1,"TAM RELEASE 5_3_5.5-UAT_310_7_4_1_TAM - WEB APP - 7981_EXISTING_52.28571429_3-MEDIUM_CODING",3,0,1,0,0,0,0,0,0,1,0,0,1,0,0,0,0,0,1,0,0,0,0,1,0,0,0,5.73657229747919,1.94591014905531,1.38629436111989,0,3.95672318442802,0,0,0,0,2,1
"237","TAM RELEASE 5",3,"5.5-UAT",310,7,4,1,"TAM - WEB APP - 7981",1,52.28571429,"3-MEDIUM","CODING","13","31",3,"TAM RELEASE 5_3_5.5-UAT_310_7_4_1_TAM - WEB APP - 7981_EXISTING_52.28571429_3-MEDIUM_CODING",4,0,1,0,0,0,0,0,0,1,0,0,1,0,0,0,0,0,1,0,0,0,0,1,0,0,0,5.73657229747919,1.94591014905531,1.38629436111989,0,3.95672318442802,0,0,0,0,2,0.333333333333333
"238","TAM RELEASE 5",3,"5.5-UAT",310,7,4,1,"TAM - WEB APP - 7981",1,52.28571429,"3-MEDIUM","CODING","13","32",1,"TAM RELEASE 5_3_5.5-UAT_310_7_4_1_TAM - WEB APP - 7981_EXISTING_52.28571429_3-MEDIUM_CODING",5,0,1,0,0,0,0,0,0,1,0,0,1,0,0,0,0,0,1,0,0,0,0,1,0,0,0,5.73657229747919,1.94591014905531,1.38629436111989,0,3.95672318442802,0,0,0,0,2,1
"239","TAM RELEASE 5",3,"5.5-UAT",310,7,4,1,"TAM - WEB APP - 7981",1,52.28571429,"3-MEDIUM","DATA","13","30",1,"TAM RELEASE 5_3_5.5-UAT_310_7_4_1_TAM - WEB APP - 7981_EXISTING_52.28571429_3-MEDIUM_DATA",1,0,1,0,0,0,0,0,0,1,0,0,1,0,0,0,0,0,1,0,0,0,0,0,0,1,0,5.73657229747919,1.94591014905531,1.38629436111989,0,3.95672318442802,0,0,0,0,1,0
"240","TAM RELEASE 5",3,"5.5-UAT",310,7,4,1,"TAM - WEB APP - 7981",1,52.28571429,"3-MEDIUM","TESTING","13","27",1,"TAM RELEASE 5_3_5.5-UAT_310_7_4_1_TAM - WEB APP - 7981_EXISTING_52.28571429_3-MEDIUM_TESTING",1,0,1,0,0,0,0,0,0,1,0,0,1,0,0,0,0,0,1,0,1,0,0,0,0,0,0,5.73657229747919,1.94591014905531,1.38629436111989,0,3.95672318442802,0,0,0,0,1,0
"241","TAM RELEASE 5",3,"5.5-UAT",310,7,4,1,"TAM - WEB APP - 7981",1,52.28571429,"3-MEDIUM","TESTING","13","30",1,"TAM RELEASE 5_3_5.5-UAT_310_7_4_1_TAM - WEB APP - 7981_EXISTING_52.28571429_3-MEDIUM_TESTING",2,0,1,0,0,0,0,0,0,1,0,0,1,0,0,0,0,0,1,0,1,0,0,0,0,0,0,5.73657229747919,1.94591014905531,1.38629436111989,0,3.95672318442802,0,0,0,0,1,0
"242","TAM RELEASE 5",3,"5.5-UAT",310,7,4,1,"TAM - WEB APP - 7981",1,52.28571429,"3-MEDIUM","TESTING","13","31",1,"TAM RELEASE 5_3_5.5-UAT_310_7_4_1_TAM - WEB APP - 7981_EXISTING_52.28571429_3-MEDIUM_TESTING",3,0,1,0,0,0,0,0,0,1,0,0,1,0,0,0,0,0,1,0,1,0,0,0,0,0,0,5.73657229747919,1.94591014905531,1.38629436111989,0,3.95672318442802,0,0,0,0,2,1
"243","TAM RELEASE 5",3,"5.5-UAT",310,7,4,1,"TAM - WEB APP - 7981",1,52.28571429,"4-LOW","CODING","13","32",2,"TAM RELEASE 5_3_5.5-UAT_310_7_4_1_TAM - WEB APP - 7981_EXISTING_52.28571429_4-LOW_CODING",1,0,1,0,0,0,0,0,0,1,0,0,0,0,1,0,0,0,1,0,0,0,0,1,0,0,0,5.73657229747919,1.94591014905531,1.38629436111989,0,3.95672318442802,0,0,0,0,1,0.5
"244","TAM RELEASE 5",3,"5.5-UAT",310,7,4,1,"TAM - WEB APP - 7981",1,52.28571429,"4-LOW","DATA","13","32",1,"TAM RELEASE 5_3_5.5-UAT_310_7_4_1_TAM - WEB APP - 7981_EXISTING_52.28571429_4-LOW_DATA",1,0,1,0,0,0,0,0,0,1,0,0,0,0,1,0,0,0,1,0,0,0,0,0,0,1,0,5.73657229747919,1.94591014905531,1.38629436111989,0,3.95672318442802,0,0,0,0,1,0
"245","TAM RELEASE 5",3,"5.5-UAT",310,7,4,1,"TAM - WEB APP - 7981",1,52.28571429,"4-LOW","TESTING","13","29",1,"TAM RELEASE 5_3_5.5-UAT_310_7_4_1_TAM - WEB APP - 7981_EXISTING_52.28571429_4-LOW_TESTING",1,0,1,0,0,0,0,0,0,1,0,0,0,0,1,0,0,0,1,0,1,0,0,0,0,0,0,5.73657229747919,1.94591014905531,1.38629436111989,0,3.95672318442802,0,0,0,0,1,0
"246","TAM RELEASE 5",3,"5.5-UAT",310,7,4,1,"TAM - WEB APP - 7981",1,52.28571429,"4-LOW","TESTING","13","31",1,"TAM RELEASE 5_3_5.5-UAT_310_7_4_1_TAM - WEB APP - 7981_EXISTING_52.28571429_4-LOW_TESTING",2,0,1,0,0,0,0,0,0,1,0,0,0,0,1,0,0,0,1,0,1,0,0,0,0,0,0,5.73657229747919,1.94591014905531,1.38629436111989,0,3.95672318442802,0,0,0,0,1,0
